Heuchera_abramsii,-117.6684,34.2881
Heuchera_abramsii,-117.6684,34.2881
Heuchera_abramsii,-117.655,34.28694
Heuchera_abramsii,-117.655,34.28694
Heuchera_abramsii,-117.65452,34.28682
Heuchera_abramsii,-117.65452,34.28682
Heuchera_abramsii,-117.65452,34.28682
Heuchera_abramsii,-117.65452,34.28682
Heuchera_abramsii,-117.6527,34.2869
Heuchera_abramsii,-117.6527,34.2869
Heuchera_abramsii,-117.6514,34.287
Heuchera_abramsii,-117.6514,34.287
Heuchera_abramsii,-117.6514,34.287
Heuchera_abramsii,-117.6514,34.287
Heuchera_abramsii,-117.6514,34.287
Heuchera_abramsii,-117.6514,34.287
Heuchera_abramsii,-117.6514,34.287
Heuchera_abramsii,-117.6507,34.2878
Heuchera_abramsii,-117.6507,34.2878
Heuchera_abramsii,-117.65052,34.2878
Heuchera_abramsii,-117.65052,34.2878
Heuchera_abramsii,-117.6469,34.2925
Heuchera_abramsii,-117.6469,34.2925
Heuchera_abramsii,-117.6468,34.2888
Heuchera_abramsii,-117.6468,34.2888
Heuchera_abramsii,-117.6467,34.2954
Heuchera_abramsii,-117.6467,34.2954
Heuchera_abramsii,-117.6462,34.2892
Heuchera_abramsii,-117.6462,34.2892
Heuchera_abramsii,-117.6462,34.2892
Heuchera_abramsii,-117.6462,34.2892
Heuchera_abramsii,-117.6462,34.2892
Heuchera_abramsii,-117.6462,34.2892
Heuchera_abramsii,-117.6462,34.2892
Heuchera_abramsii,-117.64617,34.28917
Heuchera_abramsii,-117.64616,34.28917
Heuchera_abramsii,-117.64611,34.28944
Heuchera_abramsii,-117.64611,34.28944
Heuchera_abramsii,-117.6461,34.28921
Heuchera_abramsii,-117.6461,34.28921
Heuchera_abramsii,-117.6461,34.28921
Heuchera_abramsii,-117.6461,34.28921
Heuchera_abramsii,-117.6461,34.28921
Heuchera_abramsii,-117.6461,34.28921
Heuchera_abramsii,-117.6461,34.28921
Heuchera_abramsii,-117.6461,34.28921
Heuchera_abramsii,-117.6461,34.28921
Heuchera_abramsii,-117.6461,34.28921
Heuchera_abramsii,-117.6461,34.28921
Heuchera_abramsii,-117.6461,34.28921
Heuchera_abramsii,-117.6461,34.28921
Heuchera_abramsii,-117.6461,34.28921
Heuchera_abramsii,-117.646,34.2891
Heuchera_abramsii,-117.646,34.2891
Heuchera_abramsii,-117.646,34.2891
Heuchera_abramsii,-117.646,34.2891
Heuchera_abramsii,-117.646,34.2891
Heuchera_abramsii,-117.646,34.2891
Heuchera_abramsii,-117.646,34.2891
Heuchera_abramsii,-117.646,34.2891
Heuchera_abramsii,-117.6458,34.2892
Heuchera_abramsii,-117.6458,34.2892
Heuchera_abramsii,-117.6458,34.2892
Heuchera_abramsii,-117.6458,34.2892
Heuchera_abramsii,-117.6458,34.2892
Heuchera_abramsii,-117.64569,34.292
Heuchera_abramsii,-117.64569,34.292
Heuchera_abramsii,-117.64486,34.30525
Heuchera_abramsii,-117.64486,34.30525
Heuchera_abramsii,-117.6444444,34.3136111
Heuchera_abramsii,-117.64444,34.31361
Heuchera_abramsii,-117.64444,34.31361
Heuchera_abramsii,-117.64444,34.31361
Heuchera_abramsii,-117.64444,34.31361
Heuchera_abramsii,-117.64444,34.31361
Heuchera_abramsii,-117.6443,34.3137
Heuchera_abramsii,-117.6443,34.3137
Heuchera_abramsii,-117.6443,34.3137
Heuchera_abramsii,-117.6443,34.3137
Heuchera_abramsii,-117.6442,34.3136
Heuchera_abramsii,-117.64389,34.28861
Heuchera_abramsii,-117.64389,34.28861
Heuchera_abramsii,-117.64389,34.28861
Heuchera_abramsii,-117.64389,34.28861
Heuchera_abramsii,-117.64389,34.28861
Heuchera_abramsii,-117.6438889,34.2886111
Heuchera_abramsii,-117.6438,34.2966
Heuchera_abramsii,-117.6438,34.2966
Heuchera_abramsii,-117.64369,34.31453
Heuchera_abramsii,-117.64369,34.31453
Heuchera_abramsii,-117.63603,34.30329
Heuchera_abramsii,-117.63603,34.30329