Heuchera_glomerulata,-108.4525285,31.84147831
Heuchera_glomerulata,-109.8212,32.6309
Heuchera_glomerulata,-110.3332111,32.95103611
Heuchera_glomerulata,-109.7852778,32.70083333
Heuchera_glomerulata,-109.308922,31.78034169
Heuchera_glomerulata,-109.8355764,32.75037153
Heuchera_glomerulata,-109.8190442,32.64907797
Heuchera_glomerulata,-109.3359009,31.86555654
Heuchera_glomerulata,-108.4948565,32.56572831
Heuchera_glomerulata,-109.8715233,32.70173797
Heuchera_glomerulata,-108.7497694,33.39783714
Heuchera_glomerulata,-108.7888521,31.5695956
Heuchera_glomerulata,-109.1222842,33.56374512
Heuchera_glomerulata,-109.0047416,32.98560386
Heuchera_glomerulata,-109.813697,32.65144654
Heuchera_glomerulata,-110.2642321,32.97806255
Heuchera_glomerulata,-109.0150225,33.11409566
Heuchera_glomerulata,-109.0410643,32.36940217
Heuchera_glomerulata,-108.7788198,33.38831666
Heuchera_glomerulata,-109.4298,31.7529
Heuchera_glomerulata,-109.3494,31.8662
Heuchera_glomerulata,-109.2817,31.8915
Heuchera_glomerulata,-109.356,32.0044
Heuchera_glomerulata,-110.2933,32.4622
Heuchera_glomerulata,-109.855813,32.572051
Heuchera_glomerulata,-109.843,32.6408
Heuchera_glomerulata,-109.819,32.6486
Heuchera_glomerulata,-109.819522,32.648679
Heuchera_glomerulata,-109.8627,32.6493
Heuchera_glomerulata,-109.82,32.65
Heuchera_glomerulata,-109.80543,32.65316
Heuchera_glomerulata,-109.7915,32.6651
Heuchera_glomerulata,-109.794,32.6652
Heuchera_glomerulata,-109.768,32.6817
Heuchera_glomerulata,-109.863,32.69
Heuchera_glomerulata,-109.8715,32.7017
Heuchera_glomerulata,-109.773333,32.706667
Heuchera_glomerulata,-109.7542,32.7145
Heuchera_glomerulata,-109.8335,32.75239
Heuchera_glomerulata,-109.8325,32.75278
Heuchera_glomerulata,-109.8345,32.7537
Heuchera_glomerulata,-110.301,32.9834
Heuchera_glomerulata,-110.266,32.9834
Heuchera_glomerulata,-110.301,32.9834
Heuchera_glomerulata,-110.3006,32.9834
Heuchera_glomerulata,-110.267,32.9836
Heuchera_glomerulata,-109.861,33.1802
Heuchera_glomerulata,-109.3052,33.2749
Heuchera_glomerulata,-110.821,33.2822
Heuchera_glomerulata,-110.821,33.2822
Heuchera_glomerulata,-110.821,33.2822
Heuchera_glomerulata,-111.01,33.2999
Heuchera_glomerulata,-111.0111,33.3
Heuchera_glomerulata,-110.801,33.3179
Heuchera_glomerulata,-110.817,33.3751
Heuchera_glomerulata,-110.817,33.3751
Heuchera_glomerulata,-110.927953,33.397883
Heuchera_glomerulata,-109.37028,33.43972
Heuchera_glomerulata,-109.3709,33.4398
Heuchera_glomerulata,-111.216,33.4732
Heuchera_glomerulata,-109.122501,33.562495
Heuchera_glomerulata,-109.122501,33.562495
Heuchera_glomerulata,-109.122501,33.562495
Heuchera_glomerulata,-109.122501,33.562495
Heuchera_glomerulata,-109.324,33.6423
Heuchera_glomerulata,-109.324,33.6423
Heuchera_glomerulata,-110.04306,33.936672