Heuchera_missouriensis,-88.27811567,37.60241391
Heuchera_missouriensis,-88.65611252,37.51868521
Heuchera_missouriensis,-89.20343128,37.62500674
Heuchera_missouriensis,-89.41081027,37.68457279
Heuchera_missouriensis,-87.28633889,36.92104444
Heuchera_missouriensis,-85.42908731,35.10170248
Heuchera_missouriensis,-86.5388589,38.27735232
Heuchera_missouriensis,-88.97897212,37.53169532
Heuchera_missouriensis,-89.19664957,37.62245464
Heuchera_missouriensis,-88.38466508,37.60485187
Heuchera_missouriensis,-88.9809411,37.54221933
Heuchera_missouriensis,-85.67392029,35.1825276
Heuchera_missouriensis,-86.38402235,37.14470553
Heuchera_missouriensis,-84.85578567,35.72754296
Heuchera_missouriensis,-85.92191475,35.15377369
Heuchera_missouriensis,-86.17636353,37.52465325
Heuchera_missouriensis,-85.62691113,34.39506722
Heuchera_missouriensis,-87.39861026,34.28552863
Heuchera_missouriensis,-87.47452259,34.34084904
Heuchera_missouriensis,-86.60156252,33.99819609
Heuchera_missouriensis,-86.02128016,34.04146821
Heuchera_missouriensis,-87.7521197,37.14623916
Heuchera_missouriensis,-86.25102846,37.27882231
