Heuchera_parvifolia,-119.3481,38.2312
Heuchera_parvifolia,-119.34,38.6
Heuchera_parvifolia,-119.3386,38.4218
Heuchera_parvifolia,-119.3124,38.4123
Heuchera_parvifolia,-119.2905,38.4499
Heuchera_parvifolia,-119.2905,38.4499
Heuchera_parvifolia,-119.2799,38.4704
Heuchera_parvifolia,-119.129,38.3519
Heuchera_parvifolia,-119.0865,38.2377
Heuchera_parvifolia,-119.0778,38.2334
Heuchera_parvifolia,-118.3755,37.8175
Heuchera_parvifolia,-118.3755,37.8175
Heuchera_parvifolia,-118.3651,37.8179
Heuchera_parvifolia,-118.25,37.5
Heuchera_parvifolia,-118.25,37.5
Heuchera_parvifolia,-118.25,37.5
Heuchera_parvifolia,-118.2293,37.5878
Heuchera_parvifolia,-118.1744,37.4973
Heuchera_parvifolia,-118.17255,37.49999
Heuchera_parvifolia,-118.1717,37.4997
Heuchera_parvifolia,-118.1607,37.5067
Heuchera_parvifolia,-118.1577,37.5065
Heuchera_parvifolia,-118.1342,37.4348
Heuchera_parvifolia,-118.1342,37.4348
Heuchera_parvifolia,-118.10603,37.49662
Heuchera_parvifolia,-118.08997,37.43389
Heuchera_parvifolia,-118.089967,37.433889
Heuchera_parvifolia,-117.9145,39.541
Heuchera_parvifolia,-117.914,39.541
Heuchera_parvifolia,-117.6464,37.515
Heuchera_parvifolia,-117.483979,39.647516
Heuchera_parvifolia,-117.483979,39.647516
Heuchera_parvifolia,-117.264,39.118
Heuchera_parvifolia,-117.12083,39.25833
Heuchera_parvifolia,-117.12083,39.25833
Heuchera_parvifolia,-117.11,39.28
Heuchera_parvifolia,-116.976667,38.660278
Heuchera_parvifolia,-116.976667,38.660833
Heuchera_parvifolia,-116.83,38.85
Heuchera_parvifolia,-116.83,38.85
Heuchera_parvifolia,-116.333337,39.833337
Heuchera_parvifolia,-116.19073,45.1961
Heuchera_parvifolia,-116.058611,40.213722
Heuchera_parvifolia,-116.05,43.633333
Heuchera_parvifolia,-115.825,41.9375
Heuchera_parvifolia,-115.82,41.93
Heuchera_parvifolia,-115.79221,44.34195
Heuchera_parvifolia,-115.5185,40.2616
Heuchera_parvifolia,-115.5185,40.2616
Heuchera_parvifolia,-115.12,40.92
Heuchera_parvifolia,-115.12,40.92
Heuchera_parvifolia,-115.067658,41.904354
Heuchera_parvifolia,-114.9722,39.1781
Heuchera_parvifolia,-114.9722,39.1781
Heuchera_parvifolia,-114.95,39.1417
Heuchera_parvifolia,-114.93,40.203
Heuchera_parvifolia,-114.9015,39.078
Heuchera_parvifolia,-114.9,39.08
Heuchera_parvifolia,-114.9,39.08
Heuchera_parvifolia,-114.733415,41.692288
Heuchera_parvifolia,-114.731458,38.690245
Heuchera_parvifolia,-114.649,39.0003
Heuchera_parvifolia,-114.6466,39.3969
Heuchera_parvifolia,-114.609,39.557
Heuchera_parvifolia,-114.606666,39.342777
Heuchera_parvifolia,-114.35,39.942
Heuchera_parvifolia,-114.301388,38.948888
Heuchera_parvifolia,-114.2766667,39.3183333
Heuchera_parvifolia,-114.27,39.31
Heuchera_parvifolia,-114.25035,43.6433
Heuchera_parvifolia,-114.235,39.3387
Heuchera_parvifolia,-114.211983,38.85905
Heuchera_parvifolia,-114.108837,38.249862
Heuchera_parvifolia,-114.108,39.2463
Heuchera_parvifolia,-114.0895,41.0328
Heuchera_parvifolia,-114.071,37.932
Heuchera_parvifolia,-114.038055,41.247222
Heuchera_parvifolia,-113.98,41.84
Heuchera_parvifolia,-113.98,41.84
Heuchera_parvifolia,-113.933337,39.800003
Heuchera_parvifolia,-113.9245,45.3554
Heuchera_parvifolia,-113.861666,39.859166
Heuchera_parvifolia,-113.86,38.17
Heuchera_parvifolia,-113.86,38.17
Heuchera_parvifolia,-113.71823,44.19334
Heuchera_parvifolia,-113.7068,49.8498
Heuchera_parvifolia,-113.7068,49.8498
Heuchera_parvifolia,-113.691908,42.217216
Heuchera_parvifolia,-113.69,41.72
Heuchera_parvifolia,-113.69,41.72
Heuchera_parvifolia,-113.6491,42.32639
Heuchera_parvifolia,-113.6491,42.326392
Heuchera_parvifolia,-113.62,38.36
Heuchera_parvifolia,-113.62,38.36
Heuchera_parvifolia,-113.581,38.259
Heuchera_parvifolia,-113.57722,42.41278
Heuchera_parvifolia,-113.57106,46.23473
Heuchera_parvifolia,-113.461111,41.93
Heuchera_parvifolia,-113.41155,37.45338
Heuchera_parvifolia,-113.4102,37.3787
Heuchera_parvifolia,-113.41,37.3787
Heuchera_parvifolia,-113.324444,37.350278
Heuchera_parvifolia,-113.263888,37.322777
Heuchera_parvifolia,-113.01667,49.01667
Heuchera_parvifolia,-113.01667,49.01667
Heuchera_parvifolia,-112.9585,47.5093
Heuchera_parvifolia,-112.8469,47.4069
Heuchera_parvifolia,-112.799622,38.393786
Heuchera_parvifolia,-112.79962,38.39379
Heuchera_parvifolia,-112.707,47.6205
Heuchera_parvifolia,-112.6978,47.4137
Heuchera_parvifolia,-112.6564,47.866
Heuchera_parvifolia,-112.5913,36.5019
Heuchera_parvifolia,-112.5913,36.5019
Heuchera_parvifolia,-112.570925,40.11072
Heuchera_parvifolia,-112.5619,40.1087
Heuchera_parvifolia,-112.4683,47.1644
Heuchera_parvifolia,-112.426,42.19154
Heuchera_parvifolia,-112.414,42.165
Heuchera_parvifolia,-112.4138,42.165
Heuchera_parvifolia,-112.303043,36.341347
Heuchera_parvifolia,-112.303043,36.341347
Heuchera_parvifolia,-112.303043,36.341347
Heuchera_parvifolia,-112.29135,36.34282
Heuchera_parvifolia,-112.2596,36.2455
Heuchera_parvifolia,-112.2596,36.2455
Heuchera_parvifolia,-112.2596,36.2455
Heuchera_parvifolia,-112.2596,36.2455
Heuchera_parvifolia,-112.17118,36.34638
Heuchera_parvifolia,-112.153275,36.337
Heuchera_parvifolia,-112.1393,36.0544
Heuchera_parvifolia,-112.139,36.0556
Heuchera_parvifolia,-112.1094,42.6197
Heuchera_parvifolia,-112.1094,42.6197
Heuchera_parvifolia,-112.1058157,36.25775048
Heuchera_parvifolia,-112.10531,36.25781
Heuchera_parvifolia,-112.10531,36.25781
Heuchera_parvifolia,-112.1053,36.2578
Heuchera_parvifolia,-112.103056,36.258333
Heuchera_parvifolia,-112.0591,36.2278
Heuchera_parvifolia,-112.0591,36.2278
Heuchera_parvifolia,-112.04544,36.24341
Heuchera_parvifolia,-112.016944,41.713611
Heuchera_parvifolia,-111.99173,40.445
Heuchera_parvifolia,-111.99173,40.445
Heuchera_parvifolia,-111.9913,45.5173
Heuchera_parvifolia,-111.99,40.44
Heuchera_parvifolia,-111.99,40.44
Heuchera_parvifolia,-111.985296,36.00336
Heuchera_parvifolia,-111.98529,36.00336
Heuchera_parvifolia,-111.978322,42.616372
Heuchera_parvifolia,-111.97832,42.61637
Heuchera_parvifolia,-111.91658,35.93504
Heuchera_parvifolia,-111.91658,35.93504
Heuchera_parvifolia,-111.91658,35.93504
Heuchera_parvifolia,-111.913889,45.471667
Heuchera_parvifolia,-111.8449,35.0259
Heuchera_parvifolia,-111.8449,35.0259
Heuchera_parvifolia,-111.8322,38.9342
Heuchera_parvifolia,-111.8322,38.9342
Heuchera_parvifolia,-111.825,41.256111
Heuchera_parvifolia,-111.786388,40.050555
Heuchera_parvifolia,-111.7823,35.025
Heuchera_parvifolia,-111.7697,35.0032
Heuchera_parvifolia,-111.7697,35.0032
Heuchera_parvifolia,-111.7697,35.0032
Heuchera_parvifolia,-111.753742,34.799497
Heuchera_parvifolia,-111.75,35.15000153
Heuchera_parvifolia,-111.75,35.15333176
Heuchera_parvifolia,-111.7473,34.995
Heuchera_parvifolia,-111.7473,34.995
Heuchera_parvifolia,-111.740917,34.923694
Heuchera_parvifolia,-111.73722,37.60218
Heuchera_parvifolia,-111.737217,37.602183
Heuchera_parvifolia,-111.735379,41.974685
Heuchera_parvifolia,-111.73521,34.99126
Heuchera_parvifolia,-111.726886,34.912377
Heuchera_parvifolia,-111.7166667,41.8
Heuchera_parvifolia,-111.71,41.8
Heuchera_parvifolia,-111.6691,45.0658
Heuchera_parvifolia,-111.6475,37.950833
Heuchera_parvifolia,-111.64057,40.48335
Heuchera_parvifolia,-111.6386111,42.0372222
Heuchera_parvifolia,-111.638333,40.393888
Heuchera_parvifolia,-111.631666,37.879444
Heuchera_parvifolia,-111.631666,37.879444
Heuchera_parvifolia,-111.631666,37.879444
Heuchera_parvifolia,-111.63,42.03
Heuchera_parvifolia,-111.622777,39.963611
Heuchera_parvifolia,-111.589166,40.311944
Heuchera_parvifolia,-111.587222,40.304444
Heuchera_parvifolia,-111.553764,40.259426
Heuchera_parvifolia,-111.4781,38.4338
Heuchera_parvifolia,-111.4266,44.8028
Heuchera_parvifolia,-111.422,42.941
Heuchera_parvifolia,-111.4062,44.8028
Heuchera_parvifolia,-111.4013,34.51162
Heuchera_parvifolia,-111.3721,43.7308
Heuchera_parvifolia,-111.3452,44.8898
Heuchera_parvifolia,-111.3014,45.0803
Heuchera_parvifolia,-111.3,40.38
Heuchera_parvifolia,-111.3,40.3833333
Heuchera_parvifolia,-111.28306,34.52972
Heuchera_parvifolia,-111.279167,34.3515
Heuchera_parvifolia,-111.2404,45.1699
Heuchera_parvifolia,-111.228889,45.372222
Heuchera_parvifolia,-111.2247,45.4323
Heuchera_parvifolia,-111.21409,43.39762
Heuchera_parvifolia,-111.1984,45.1057
Heuchera_parvifolia,-111.1946,38.096
Heuchera_parvifolia,-111.1847,44.8611
Heuchera_parvifolia,-111.179662,34.469196
Heuchera_parvifolia,-111.1727,45.0626
Heuchera_parvifolia,-111.152745,37.294888
Heuchera_parvifolia,-111.1322222,42.5861111
Heuchera_parvifolia,-111.13222,42.58611
Heuchera_parvifolia,-111.109,41.6672
Heuchera_parvifolia,-111.1035,37.8075
Heuchera_parvifolia,-111.0833333,41.65
Heuchera_parvifolia,-111.081421,39.385526
Heuchera_parvifolia,-111.08,41.65
Heuchera_parvifolia,-111.07613,42.52828
Heuchera_parvifolia,-111.034,42.031
Heuchera_parvifolia,-111.0231,42.27
Heuchera_parvifolia,-111.0221,43.4254
Heuchera_parvifolia,-111.0086,41.7283
Heuchera_parvifolia,-111.0039,42.5992
Heuchera_parvifolia,-110.9941,43.5618
Heuchera_parvifolia,-110.9813,43.2735
Heuchera_parvifolia,-110.9797,42.4694
Heuchera_parvifolia,-110.9748,46.9117
Heuchera_parvifolia,-110.9742,43.6338
Heuchera_parvifolia,-110.96306,34.391557
Heuchera_parvifolia,-110.9549,43.49
Heuchera_parvifolia,-110.9542,43.533
Heuchera_parvifolia,-110.9542,43.6914
Heuchera_parvifolia,-110.9443,42.1971
Heuchera_parvifolia,-110.9406,43.0036
Heuchera_parvifolia,-110.9405,43.2182
Heuchera_parvifolia,-110.923,42.123
Heuchera_parvifolia,-110.9117,42.3864
Heuchera_parvifolia,-110.9058,43.849
Heuchera_parvifolia,-110.8995,43.1914
Heuchera_parvifolia,-110.8945,43.5906
Heuchera_parvifolia,-110.8945,43.7778
Heuchera_parvifolia,-110.8922,43.7622
Heuchera_parvifolia,-110.8844,41.8861
Heuchera_parvifolia,-110.8633,42.9017
Heuchera_parvifolia,-110.8601,41.8669
Heuchera_parvifolia,-110.8601,42.0008
Heuchera_parvifolia,-110.8475,42.7425
Heuchera_parvifolia,-110.8475,42.7425
Heuchera_parvifolia,-110.8408,44.0012
Heuchera_parvifolia,-110.8375,41.7675
Heuchera_parvifolia,-110.8264,42.6419
Heuchera_parvifolia,-110.8167,42.0939
Heuchera_parvifolia,-110.8143,45.1103
Heuchera_parvifolia,-110.8061,42.8572
Heuchera_parvifolia,-110.7881,42.6858
Heuchera_parvifolia,-110.785,42.3569
Heuchera_parvifolia,-110.7699,45.261
Heuchera_parvifolia,-110.7642,43.3033
Heuchera_parvifolia,-110.75,42.6
Heuchera_parvifolia,-110.7439,42.9739
Heuchera_parvifolia,-110.7247,43.3153
Heuchera_parvifolia,-110.7162,43.9543
Heuchera_parvifolia,-110.7067,45.2409
Heuchera_parvifolia,-110.7053,43.1917
Heuchera_parvifolia,-110.6965,43.661
Heuchera_parvifolia,-110.6958,43.9596
Heuchera_parvifolia,-110.6931,43.6519
Heuchera_parvifolia,-110.6919,45.03761
Heuchera_parvifolia,-110.6866,45.2702
Heuchera_parvifolia,-110.6866,45.2849
Heuchera_parvifolia,-110.6825,43.2147
Heuchera_parvifolia,-110.66919,45.53025
Heuchera_parvifolia,-110.6686,43.0133
Heuchera_parvifolia,-110.6494,42.3992
Heuchera_parvifolia,-110.6456,43.2989
Heuchera_parvifolia,-110.6273,47.4316
Heuchera_parvifolia,-110.6264,41.8572
Heuchera_parvifolia,-110.6167,42.5431
Heuchera_parvifolia,-110.6031,43.2286
Heuchera_parvifolia,-110.6031,43.8451
Heuchera_parvifolia,-110.5964,43.634
Heuchera_parvifolia,-110.5942,42.8958
Heuchera_parvifolia,-110.594,42.8669
Heuchera_parvifolia,-110.5869,43.1333
Heuchera_parvifolia,-110.5848,47.4701
Heuchera_parvifolia,-110.5841,46.9818
Heuchera_parvifolia,-110.58277,42.43019
Heuchera_parvifolia,-110.582575,42.43022
Heuchera_parvifolia,-110.5786,42.556
Heuchera_parvifolia,-110.5767,42.5286
Heuchera_parvifolia,-110.5672,43.1464
Heuchera_parvifolia,-110.5536,41.8864
Heuchera_parvifolia,-110.5506,42.1081
Heuchera_parvifolia,-110.5464,46.927
Heuchera_parvifolia,-110.54,43.0758
Heuchera_parvifolia,-110.5383,42.5142
Heuchera_parvifolia,-110.5366,45.3169
Heuchera_parvifolia,-110.5365,36.6864
Heuchera_parvifolia,-110.5365,36.6864
Heuchera_parvifolia,-110.5358,41.1633
Heuchera_parvifolia,-110.5358,42.9747
Heuchera_parvifolia,-110.5333,42.3717
Heuchera_parvifolia,-110.52659,36.67568
Heuchera_parvifolia,-110.52658,36.67569
Heuchera_parvifolia,-110.5244,43.7913
Heuchera_parvifolia,-110.51888,36.685279
Heuchera_parvifolia,-110.514201,36.685564
Heuchera_parvifolia,-110.5071,45.573
Heuchera_parvifolia,-110.505,41.9878
Heuchera_parvifolia,-110.5049,47.4575
Heuchera_parvifolia,-110.50384,36.80902
Heuchera_parvifolia,-110.49565,43.6362
Heuchera_parvifolia,-110.4931,42.2112
Heuchera_parvifolia,-110.4874,43.8172
Heuchera_parvifolia,-110.4848,46.3038
Heuchera_parvifolia,-110.4806,42.4992
Heuchera_parvifolia,-110.4792,42.8006
Heuchera_parvifolia,-110.4714,42.3228
Heuchera_parvifolia,-110.4618,42.6728
Heuchera_parvifolia,-110.4544,41.9413
Heuchera_parvifolia,-110.4506,44.9649
Heuchera_parvifolia,-110.449722,43.428333
Heuchera_parvifolia,-110.4414,42.5283
Heuchera_parvifolia,-110.4233,42.7453
Heuchera_parvifolia,-110.4161,46.7846
Heuchera_parvifolia,-110.404186,40.604964
Heuchera_parvifolia,-110.4006,41.0481
Heuchera_parvifolia,-110.3978,42.3136
Heuchera_parvifolia,-110.385878,40.999947
Heuchera_parvifolia,-110.3839,41.3167
Heuchera_parvifolia,-110.3839,41.3167
Heuchera_parvifolia,-110.3825,41.0622
Heuchera_parvifolia,-110.3797,46.8363
Heuchera_parvifolia,-110.3786,43.5589
Heuchera_parvifolia,-110.3772,43.5908
Heuchera_parvifolia,-110.3608,42.9458
Heuchera_parvifolia,-110.3588,43.6319
Heuchera_parvifolia,-110.3506,42.3833
Heuchera_parvifolia,-110.3343,46.2224
Heuchera_parvifolia,-110.3342,42.4267
Heuchera_parvifolia,-110.3328,42.3256
Heuchera_parvifolia,-110.3161,42.4128
Heuchera_parvifolia,-110.3147,42.2825
Heuchera_parvifolia,-110.3147,42.3114
Heuchera_parvifolia,-110.3147,42.3403
Heuchera_parvifolia,-110.3147,42.3403
Heuchera_parvifolia,-110.31,42.2678
Heuchera_parvifolia,-110.3094,42.7736
Heuchera_parvifolia,-110.3006,42.9892
Heuchera_parvifolia,-110.2993,46.7828
Heuchera_parvifolia,-110.2836,42.8583
Heuchera_parvifolia,-110.2825,46.8189
Heuchera_parvifolia,-110.2767,42.3842
Heuchera_parvifolia,-110.264933,43.320567
Heuchera_parvifolia,-110.252709,39.64158
Heuchera_parvifolia,-110.2494,47.4694
Heuchera_parvifolia,-110.247,44.9504
Heuchera_parvifolia,-110.2243,45.5245
Heuchera_parvifolia,-110.2179,43.49
Heuchera_parvifolia,-110.2104,45.3559
Heuchera_parvifolia,-110.2005,43.5731
Heuchera_parvifolia,-110.185,42.8292
Heuchera_parvifolia,-110.1643,43.092
Heuchera_parvifolia,-110.1605,43.6167
Heuchera_parvifolia,-110.1227,43.8229
Heuchera_parvifolia,-110.1008,43.6314
Heuchera_parvifolia,-110.0961,41.0919
Heuchera_parvifolia,-110.087,45.5015
Heuchera_parvifolia,-110.08416,40.62888
Heuchera_parvifolia,-110.0603,41.1067
Heuchera_parvifolia,-110.0336,43.2972
Heuchera_parvifolia,-110.0267,43.1036
Heuchera_parvifolia,-110.0131,43.2828
Heuchera_parvifolia,-110.0131,43.2828
Heuchera_parvifolia,-110.0131,43.4575
Heuchera_parvifolia,-110.001,36.0003
Heuchera_parvifolia,-110.001,36.0003
Heuchera_parvifolia,-109.9959,43.5916
Heuchera_parvifolia,-109.9633,45.3995
Heuchera_parvifolia,-109.9528,41.18
Heuchera_parvifolia,-109.9428,45.4869
Heuchera_parvifolia,-109.935,43.3258
Heuchera_parvifolia,-109.9316,45.6512
Heuchera_parvifolia,-109.9222,45.4869
Heuchera_parvifolia,-109.92194,43.64694
Heuchera_parvifolia,-109.9219,43.6469
Heuchera_parvifolia,-109.9169,43.2692
Heuchera_parvifolia,-109.91577,43.11484
Heuchera_parvifolia,-109.9019,45.3559
Heuchera_parvifolia,-109.9016,43.7633
Heuchera_parvifolia,-109.89,42.8297
Heuchera_parvifolia,-109.8758,45.5832
Heuchera_parvifolia,-109.8564,43.2975
Heuchera_parvifolia,-109.856,34.0736
Heuchera_parvifolia,-109.8499,42.9177
Heuchera_parvifolia,-109.8402,45.6034
Heuchera_parvifolia,-109.8337,45.5993
Heuchera_parvifolia,-109.8192,43.2708
Heuchera_parvifolia,-109.8192,43.2708
Heuchera_parvifolia,-109.8188,43.7346
Heuchera_parvifolia,-109.8157,43.5659
Heuchera_parvifolia,-109.8,43.3161
Heuchera_parvifolia,-109.7994,43.2578
Heuchera_parvifolia,-109.7823,37.9235
Heuchera_parvifolia,-109.7816,45.3869
Heuchera_parvifolia,-109.7816,45.3869
Heuchera_parvifolia,-109.7803,43.4442
Heuchera_parvifolia,-109.7755,46.6285
Heuchera_parvifolia,-109.77262,37.77453
Heuchera_parvifolia,-109.772617,37.774533
Heuchera_parvifolia,-109.772617,37.774533
Heuchera_parvifolia,-109.772617,37.774533
Heuchera_parvifolia,-109.7594,43.29
Heuchera_parvifolia,-109.7587,33.9934
Heuchera_parvifolia,-109.7447,43.6472
Heuchera_parvifolia,-109.7424,43.2028
Heuchera_parvifolia,-109.7391,43.4898
Heuchera_parvifolia,-109.7123,42.8306
Heuchera_parvifolia,-109.712,45.498
Heuchera_parvifolia,-109.6911,42.9456
Heuchera_parvifolia,-109.684,44.4409
Heuchera_parvifolia,-109.678,44.1548
Heuchera_parvifolia,-109.6594,43.7922
Heuchera_parvifolia,-109.656,44.1581
Heuchera_parvifolia,-109.6403,44.0544
Heuchera_parvifolia,-109.6375,43.4406
Heuchera_parvifolia,-109.62694,43.6758
Heuchera_parvifolia,-109.624,44.3603
Heuchera_parvifolia,-109.6234,44.4473
Heuchera_parvifolia,-109.61361,44.84833
Heuchera_parvifolia,-109.6133,42.8583
Heuchera_parvifolia,-109.5997,43.4754
Heuchera_parvifolia,-109.59639,44.1581
Heuchera_parvifolia,-109.591,43.4687
Heuchera_parvifolia,-109.58933,33.91878
Heuchera_parvifolia,-109.5857,43.4058
Heuchera_parvifolia,-109.5857,43.4058
Heuchera_parvifolia,-109.5857,43.4202
Heuchera_parvifolia,-109.5851,33.9106
Heuchera_parvifolia,-109.5851,33.9106
Heuchera_parvifolia,-109.5851,33.9106
Heuchera_parvifolia,-109.5851,33.9106
Heuchera_parvifolia,-109.5798,43.6338
Heuchera_parvifolia,-109.577,40.9378
Heuchera_parvifolia,-109.574375,33.911031
Heuchera_parvifolia,-109.5733,42.8583
Heuchera_parvifolia,-109.5711,34.0024
Heuchera_parvifolia,-109.5711,34.0024
Heuchera_parvifolia,-109.5702,43.4239
Heuchera_parvifolia,-109.5657,43.3771
Heuchera_parvifolia,-109.5657,43.4489
Heuchera_parvifolia,-109.56401,33.90616
Heuchera_parvifolia,-109.5634,33.9062
Heuchera_parvifolia,-109.5634,33.9062
Heuchera_parvifolia,-109.5634,33.9062
Heuchera_parvifolia,-109.5634,33.9062
Heuchera_parvifolia,-109.5634,33.9062
Heuchera_parvifolia,-109.5634,33.9062
Heuchera_parvifolia,-109.5632,43.3778
Heuchera_parvifolia,-109.563,33.9059
Heuchera_parvifolia,-109.563,33.9059
Heuchera_parvifolia,-109.563,33.9059
Heuchera_parvifolia,-109.563,33.9059
Heuchera_parvifolia,-109.563,33.9059
Heuchera_parvifolia,-109.563,33.9059
Heuchera_parvifolia,-109.563,33.9059
Heuchera_parvifolia,-109.556727,33.919098
Heuchera_parvifolia,-109.5536,42.8153
Heuchera_parvifolia,-109.5522,44.81833
Heuchera_parvifolia,-109.5435,44.3748
Heuchera_parvifolia,-109.5435,44.4328
Heuchera_parvifolia,-109.5435,44.4763
Heuchera_parvifolia,-109.5435,44.5053
Heuchera_parvifolia,-109.5413,33.9371
Heuchera_parvifolia,-109.5398,43.8374
Heuchera_parvifolia,-109.5363,33.9443
Heuchera_parvifolia,-109.5363,33.9443
Heuchera_parvifolia,-109.5363,33.9443
Heuchera_parvifolia,-109.533457,33.942466
Heuchera_parvifolia,-109.5233,44.2588
Heuchera_parvifolia,-109.5216,43.5439
Heuchera_parvifolia,-109.52,43.6482
Heuchera_parvifolia,-109.52,43.7058
Heuchera_parvifolia,-109.5162,45.3078
Heuchera_parvifolia,-109.5156,44.0958
Heuchera_parvifolia,-109.51167,44.68778
Heuchera_parvifolia,-109.506,33.9597
Heuchera_parvifolia,-109.5014,33.9443
Heuchera_parvifolia,-109.5014,33.9443
Heuchera_parvifolia,-109.5007,43.634
Heuchera_parvifolia,-109.5007,43.634
Heuchera_parvifolia,-109.5001,43.6626
Heuchera_parvifolia,-109.4919,45.2323
Heuchera_parvifolia,-109.4919,45.2323
Heuchera_parvifolia,-109.4915,33.9295
Heuchera_parvifolia,-109.4915,33.9295
Heuchera_parvifolia,-109.49028,33.92861
Heuchera_parvifolia,-109.490278,33.928611
Heuchera_parvifolia,-109.48306,33.95417
Heuchera_parvifolia,-109.483056,33.954167
Heuchera_parvifolia,-109.483,44.3023
Heuchera_parvifolia,-109.483,44.4328
Heuchera_parvifolia,-109.483,44.4908
Heuchera_parvifolia,-109.4757,44.6019
Heuchera_parvifolia,-109.4352,44.7033
Heuchera_parvifolia,-109.4322,44.1257
Heuchera_parvifolia,-109.4288,45.5306
Heuchera_parvifolia,-109.424,40.9668
Heuchera_parvifolia,-109.424,40.9668
Heuchera_parvifolia,-109.4204,43.749
Heuchera_parvifolia,-109.4192,44.0689
Heuchera_parvifolia,-109.419,34.0728
Heuchera_parvifolia,-109.415,44.5295
Heuchera_parvifolia,-109.41333,33.88889
Heuchera_parvifolia,-109.4108,42.5969
Heuchera_parvifolia,-109.406,44.1896
Heuchera_parvifolia,-109.4,34.03
Heuchera_parvifolia,-109.4,34.03
Heuchera_parvifolia,-109.398744,33.938849
Heuchera_parvifolia,-109.398744,33.938849
Heuchera_parvifolia,-109.3947,44.7178
Heuchera_parvifolia,-109.3947,44.7178
Heuchera_parvifolia,-109.394,40.7016
Heuchera_parvifolia,-109.392,44.7742
Heuchera_parvifolia,-109.3916,44.7165
Heuchera_parvifolia,-109.3664,43.9525
Heuchera_parvifolia,-109.3656,33.5614
Heuchera_parvifolia,-109.3606,43.7346
Heuchera_parvifolia,-109.3557,44.7991
Heuchera_parvifolia,-109.35028,40.92417
Heuchera_parvifolia,-109.3494,45.0077
Heuchera_parvifolia,-109.3486,44.8247
Heuchera_parvifolia,-109.3447,43.7063
Heuchera_parvifolia,-109.3438,44.102
Heuchera_parvifolia,-109.326,45.618
Heuchera_parvifolia,-109.324,33.6423
Heuchera_parvifolia,-109.314,42.5981
Heuchera_parvifolia,-109.3092,45.174
Heuchera_parvifolia,-109.30722,43.91
Heuchera_parvifolia,-109.30639,44.34917
Heuchera_parvifolia,-109.3051,44.479
Heuchera_parvifolia,-109.3037,43.8655
Heuchera_parvifolia,-109.3037,43.9246
Heuchera_parvifolia,-109.30333,43.8514
Heuchera_parvifolia,-109.30333,43.8514
Heuchera_parvifolia,-109.3009,45.0046
Heuchera_parvifolia,-109.3009,45.0046
Heuchera_parvifolia,-109.30062,33.86604
Heuchera_parvifolia,-109.2972,44.9997
Heuchera_parvifolia,-109.2944,42.5547
Heuchera_parvifolia,-109.2942,34.0656
Heuchera_parvifolia,-109.2942,34.0656
Heuchera_parvifolia,-109.2935,44.8191
Heuchera_parvifolia,-109.29001,36.23763
Heuchera_parvifolia,-109.2875,43.9817
Heuchera_parvifolia,-109.2853,42.4247
Heuchera_parvifolia,-109.2849,44.1896
Heuchera_parvifolia,-109.2849,44.2909
Heuchera_parvifolia,-109.2795,45.0031
Heuchera_parvifolia,-109.26896,36.26409
Heuchera_parvifolia,-109.2578,45.0191
Heuchera_parvifolia,-109.2554,42.5559
Heuchera_parvifolia,-109.2528,36.2584
Heuchera_parvifolia,-109.2528,36.2584
Heuchera_parvifolia,-109.2362,36.2603
Heuchera_parvifolia,-109.2362,36.2603
Heuchera_parvifolia,-109.2238,45.1168
Heuchera_parvifolia,-109.2203,45.1207
Heuchera_parvifolia,-109.214444,36.847518
Heuchera_parvifolia,-109.20611,44.29139
Heuchera_parvifolia,-109.2042,44.2475
Heuchera_parvifolia,-109.2042,44.3198
Heuchera_parvifolia,-109.2042,44.5079
Heuchera_parvifolia,-109.2035,43.895
Heuchera_parvifolia,-109.2035,44.0428
Heuchera_parvifolia,-109.2035,44.0428
Heuchera_parvifolia,-109.1834,43.9985
Heuchera_parvifolia,-109.1678,44.6728
Heuchera_parvifolia,-109.1639,43.82278
Heuchera_parvifolia,-109.1619,43.75
Heuchera_parvifolia,-109.1614,43.8066
Heuchera_parvifolia,-109.16019,36.12393
Heuchera_parvifolia,-109.143,33.9206
Heuchera_parvifolia,-109.1409,45.5743
Heuchera_parvifolia,-109.1344,42.4547
Heuchera_parvifolia,-109.133,36.833
Heuchera_parvifolia,-109.13049,36.84815
Heuchera_parvifolia,-109.12861,44.5283
Heuchera_parvifolia,-109.1286,44.51333
Heuchera_parvifolia,-109.126,33.9127
Heuchera_parvifolia,-109.126,33.9127
Heuchera_parvifolia,-109.1233,44.0576
Heuchera_parvifolia,-109.099,40.9668
Heuchera_parvifolia,-109.0844,46.7777
Heuchera_parvifolia,-109.084,33.5834
Heuchera_parvifolia,-109.0631,43.895
Heuchera_parvifolia,-109.04916,38.61879
Heuchera_parvifolia,-109.04916,38.61879
Heuchera_parvifolia,-109.0436,43.7519
Heuchera_parvifolia,-109.0433,42.8284
Heuchera_parvifolia,-109.0407,42.9034
Heuchera_parvifolia,-109.0242,43.7397
Heuchera_parvifolia,-109.01532,38.3319
Heuchera_parvifolia,-109.01532,38.3319
Heuchera_parvifolia,-108.9871,42.443
Heuchera_parvifolia,-108.9797222,36.49583333
Heuchera_parvifolia,-108.97894,38.714389
Heuchera_parvifolia,-108.9744,42.4125
Heuchera_parvifolia,-108.9259,42.8076
Heuchera_parvifolia,-108.9239,43.72278
Heuchera_parvifolia,-108.90472,44.16083
Heuchera_parvifolia,-108.9036,43.7958
Heuchera_parvifolia,-108.8918,42.8318
Heuchera_parvifolia,-108.87031,40.60659
Heuchera_parvifolia,-108.87031,40.60659
Heuchera_parvifolia,-108.8666,42.6717
Heuchera_parvifolia,-108.8636,40.602
Heuchera_parvifolia,-108.8636,40.602
Heuchera_parvifolia,-108.8472,42.7739
Heuchera_parvifolia,-108.8389,42.7405
Heuchera_parvifolia,-108.8237,42.7045
Heuchera_parvifolia,-108.8225,43.8655
Heuchera_parvifolia,-108.8225,43.9246
Heuchera_parvifolia,-108.81236,37.26851
Heuchera_parvifolia,-108.812357,37.268512
Heuchera_parvifolia,-108.8057,42.7466
Heuchera_parvifolia,-108.7994,43.9839
Heuchera_parvifolia,-108.799,42.758
Heuchera_parvifolia,-108.7941,42.7554
Heuchera_parvifolia,-108.7904,42.6606
Heuchera_parvifolia,-108.7812,42.4625
Heuchera_parvifolia,-108.7688,42.6312
Heuchera_parvifolia,-108.7666667,37.2333333
Heuchera_parvifolia,-108.7517,42.626
Heuchera_parvifolia,-108.7471,42.4679
Heuchera_parvifolia,-108.74,44.0722
Heuchera_parvifolia,-108.72964,37.35159
Heuchera_parvifolia,-108.7247,42.6415
Heuchera_parvifolia,-108.70917,42.57278
Heuchera_parvifolia,-108.6825,43.7664
Heuchera_parvifolia,-108.6825,43.781
Heuchera_parvifolia,-108.6825,43.8092
Heuchera_parvifolia,-108.6742,42.5951
Heuchera_parvifolia,-108.672,42.5574
Heuchera_parvifolia,-108.666,42.6062
Heuchera_parvifolia,-108.65807,40.42864
Heuchera_parvifolia,-108.65807,40.42864
Heuchera_parvifolia,-108.647595,38.576654
Heuchera_parvifolia,-108.6419,42.6528
Heuchera_parvifolia,-108.6416,42.7034
Heuchera_parvifolia,-108.6392,43.98444
Heuchera_parvifolia,-108.6298,42.6439
Heuchera_parvifolia,-108.6259,42.6015
Heuchera_parvifolia,-108.61889,43.9842
Heuchera_parvifolia,-108.6185,42.6277
Heuchera_parvifolia,-108.6169,40.4423
Heuchera_parvifolia,-108.6169,40.4423
Heuchera_parvifolia,-108.600784,38.680815
Heuchera_parvifolia,-108.60078,38.68082
Heuchera_parvifolia,-108.5922,45.1758
Heuchera_parvifolia,-108.5871,47.9206
Heuchera_parvifolia,-108.5788,45.217
Heuchera_parvifolia,-108.5750167,33.40946667
Heuchera_parvifolia,-108.575,33.40946
Heuchera_parvifolia,-108.5633,44.2917
Heuchera_parvifolia,-108.5475,39.8042
Heuchera_parvifolia,-108.5475,39.8042
Heuchera_parvifolia,-108.5375,43.93889
Heuchera_parvifolia,-108.5359,47.9162
Heuchera_parvifolia,-108.523,47.9393
Heuchera_parvifolia,-108.5145,45.1953
Heuchera_parvifolia,-108.4778,42.4283
Heuchera_parvifolia,-108.4675,40.8695
Heuchera_parvifolia,-108.4675,40.8695
Heuchera_parvifolia,-108.4604,45.1374
Heuchera_parvifolia,-108.44708,31.8423
Heuchera_parvifolia,-108.447078,31.84229999
Heuchera_parvifolia,-108.4446,42.4331
Heuchera_parvifolia,-108.4158,39.8624
Heuchera_parvifolia,-108.4158,39.8624
Heuchera_parvifolia,-108.358,40.1134
Heuchera_parvifolia,-108.358,40.1134
Heuchera_parvifolia,-108.3525167,35.0392
Heuchera_parvifolia,-108.3518,47.8933
Heuchera_parvifolia,-108.3392,40.1279
Heuchera_parvifolia,-108.3392,40.1279
Heuchera_parvifolia,-108.3384,45.1364
Heuchera_parvifolia,-108.3072,45.1241
Heuchera_parvifolia,-108.28924,37.34812
Heuchera_parvifolia,-108.28924,37.34812
Heuchera_parvifolia,-108.2855,43.6081
Heuchera_parvifolia,-108.2817,45.1242
Heuchera_parvifolia,-108.2653,39.906
Heuchera_parvifolia,-108.2653,39.906
Heuchera_parvifolia,-108.2583,42.6146
Heuchera_parvifolia,-108.2583,42.6292
Heuchera_parvifolia,-108.25136,37.8851
Heuchera_parvifolia,-108.241,45.1386
Heuchera_parvifolia,-108.2051,39.4091
Heuchera_parvifolia,-108.2051,39.4091
Heuchera_parvifolia,-108.2008,39.0104
Heuchera_parvifolia,-108.1712,39.8915
Heuchera_parvifolia,-108.1712,39.8915
Heuchera_parvifolia,-108.15379,39.790593
Heuchera_parvifolia,-108.1524,39.7023
Heuchera_parvifolia,-108.1524,39.7023
Heuchera_parvifolia,-108.1524,39.7023
Heuchera_parvifolia,-108.1524,39.7023
Heuchera_parvifolia,-108.1469,43.75389
Heuchera_parvifolia,-108.119633,39.166389
Heuchera_parvifolia,-108.1148,39.8478
Heuchera_parvifolia,-108.1148,39.8478
Heuchera_parvifolia,-108.1137,40.0116
Heuchera_parvifolia,-108.1137,40.0116
Heuchera_parvifolia,-108.1031,43.39333
Heuchera_parvifolia,-108.1022,43.4207
Heuchera_parvifolia,-108.09778,44.9353
Heuchera_parvifolia,-108.095,37.445
Heuchera_parvifolia,-108.0865,39.3143
Heuchera_parvifolia,-108.0841,43.4644
Heuchera_parvifolia,-108.0796,39.3327
Heuchera_parvifolia,-108.0796,39.3327
Heuchera_parvifolia,-108.0425,39.3924
Heuchera_parvifolia,-108.0422,43.4358
Heuchera_parvifolia,-108.035,44.86139
Heuchera_parvifolia,-108.00713,35.10698
Heuchera_parvifolia,-108.00713,35.10698
Heuchera_parvifolia,-108.00713,35.10698
Heuchera_parvifolia,-108.0071281,35.10697731
Heuchera_parvifolia,-108.0071281,35.10697731
Heuchera_parvifolia,-108.0071281,35.10697731
Heuchera_parvifolia,-108.0042,42.6733
Heuchera_parvifolia,-107.970683,34.188033
Heuchera_parvifolia,-107.9688,37.4791
Heuchera_parvifolia,-107.9688,37.4791
Heuchera_parvifolia,-107.91378,34.8342
Heuchera_parvifolia,-107.9137756,34.83419683
Heuchera_parvifolia,-107.9128,44.8728
Heuchera_parvifolia,-107.82594,37.4632
Heuchera_parvifolia,-107.809,42.5403
Heuchera_parvifolia,-107.78,32.95
Heuchera_parvifolia,-107.778303,37.810483
Heuchera_parvifolia,-107.7783,37.81048
Heuchera_parvifolia,-107.7594,37.0614
Heuchera_parvifolia,-107.7594,37.0614
Heuchera_parvifolia,-107.7336,44.9328
Heuchera_parvifolia,-107.72343,37.89842
Heuchera_parvifolia,-107.7153,38.1093
Heuchera_parvifolia,-107.71097,37.90011
Heuchera_parvifolia,-107.68543,37.9377
Heuchera_parvifolia,-107.68543,37.9377
Heuchera_parvifolia,-107.683,37.7494
Heuchera_parvifolia,-107.6736,44.9758
Heuchera_parvifolia,-107.6714,42.4966
Heuchera_parvifolia,-107.6414,38.4456
Heuchera_parvifolia,-107.6229,38.1824
Heuchera_parvifolia,-107.61667,37.63333
Heuchera_parvifolia,-107.61667,37.63333
Heuchera_parvifolia,-107.61667,37.63333
Heuchera_parvifolia,-107.6083,37.6213
Heuchera_parvifolia,-107.5969,35.30882
Heuchera_parvifolia,-107.5969,35.30882
Heuchera_parvifolia,-107.5969,35.30882
Heuchera_parvifolia,-107.5969,35.30882
Heuchera_parvifolia,-107.5666,37.7743
Heuchera_parvifolia,-107.56188,35.25084
Heuchera_parvifolia,-107.5618752,35.25083587
Heuchera_parvifolia,-107.5615,39.3251
Heuchera_parvifolia,-107.5534,42.5112
Heuchera_parvifolia,-107.549892,37.793044
Heuchera_parvifolia,-107.54989,37.79304
Heuchera_parvifolia,-107.54139,44.5858
Heuchera_parvifolia,-107.5314,44.872
Heuchera_parvifolia,-107.5289,44.3383
Heuchera_parvifolia,-107.5194,39.5284
Heuchera_parvifolia,-107.5194,39.5284
Heuchera_parvifolia,-107.5176,37.7833
Heuchera_parvifolia,-107.51681,37.9196
Heuchera_parvifolia,-107.5133,37.9645
Heuchera_parvifolia,-107.51317,37.77826
Heuchera_parvifolia,-107.513168,37.778263
Heuchera_parvifolia,-107.5131,37.9217
Heuchera_parvifolia,-107.50556,44.5411
Heuchera_parvifolia,-107.4931,42.8584
Heuchera_parvifolia,-107.4905667,33.88255
Heuchera_parvifolia,-107.46831,37.54901
Heuchera_parvifolia,-107.4673,37.8661
Heuchera_parvifolia,-107.4584,37.9356
Heuchera_parvifolia,-107.45301,33.7896
Heuchera_parvifolia,-107.4497,44.872
Heuchera_parvifolia,-107.4391,39.54869
Heuchera_parvifolia,-107.439098,39.548685
Heuchera_parvifolia,-107.4351,44.3208
Heuchera_parvifolia,-107.4282,33.581
Heuchera_parvifolia,-107.4282,33.581
Heuchera_parvifolia,-107.4268,39.5687
Heuchera_parvifolia,-107.4268,39.5687
Heuchera_parvifolia,-107.42398,38.06259
Heuchera_parvifolia,-107.423976,38.062592
Heuchera_parvifolia,-107.42306,44.20444
Heuchera_parvifolia,-107.4224,38.0643
Heuchera_parvifolia,-107.4216,37.9361
Heuchera_parvifolia,-107.4159,42.3252
Heuchera_parvifolia,-107.4159,42.3397
Heuchera_parvifolia,-107.4031,38.3986
Heuchera_parvifolia,-107.3931,44.3636
Heuchera_parvifolia,-107.35861,44.07028
Heuchera_parvifolia,-107.3563,37.7851
Heuchera_parvifolia,-107.356274,42.638119
Heuchera_parvifolia,-107.35,36.22
Heuchera_parvifolia,-107.34615,37.18315
Heuchera_parvifolia,-107.345833,37.713583
Heuchera_parvifolia,-107.343817,37.172583
Heuchera_parvifolia,-107.33946,37.76039
Heuchera_parvifolia,-107.33946,37.76039
Heuchera_parvifolia,-107.338,42.3108
Heuchera_parvifolia,-107.3185,42.2963
Heuchera_parvifolia,-107.3161,43.91
Heuchera_parvifolia,-107.3118,37.9506
Heuchera_parvifolia,-107.3118,37.9506
Heuchera_parvifolia,-107.3118,37.9506
Heuchera_parvifolia,-107.3118,37.9506
Heuchera_parvifolia,-107.305945,38.448864
Heuchera_parvifolia,-107.30594,38.44886
Heuchera_parvifolia,-107.2991,42.253
Heuchera_parvifolia,-107.2942,44.232
Heuchera_parvifolia,-107.2904,38.1359
Heuchera_parvifolia,-107.2904,38.3682
Heuchera_parvifolia,-107.28056,44.0853
Heuchera_parvifolia,-107.2796,42.2674
Heuchera_parvifolia,-107.2795,39.3284
Heuchera_parvifolia,-107.2741,44.1728
Heuchera_parvifolia,-107.2725,42.7889
Heuchera_parvifolia,-107.2716,38.2953
Heuchera_parvifolia,-107.26667,44.77028
Heuchera_parvifolia,-107.2661,38.4631
Heuchera_parvifolia,-107.2594,44.1128
Heuchera_parvifolia,-107.2585,42.482
Heuchera_parvifolia,-107.2528,38.4266
Heuchera_parvifolia,-107.25,33.83333
Heuchera_parvifolia,-107.2424,39.0863
Heuchera_parvifolia,-107.24111,44.1456
Heuchera_parvifolia,-107.2389,42.4529
Heuchera_parvifolia,-107.235,42.2531
Heuchera_parvifolia,-107.2332,41.6785
Heuchera_parvifolia,-107.2294,43.4647
Heuchera_parvifolia,-107.2018,43.994
Heuchera_parvifolia,-107.19511,44.05538
Heuchera_parvifolia,-107.1841,40.0391
Heuchera_parvifolia,-107.1777,38.4266
Heuchera_parvifolia,-107.1656,37.979
Heuchera_parvifolia,-107.1591667,39.4125
Heuchera_parvifolia,-107.1589,38.2369
Heuchera_parvifolia,-107.1555,42.2528
Heuchera_parvifolia,-107.1502,37.8483
Heuchera_parvifolia,-107.15,39.41
Heuchera_parvifolia,-107.14876,33.95514
Heuchera_parvifolia,-107.1487555,33.95513979
Heuchera_parvifolia,-107.1392,43.5489
Heuchera_parvifolia,-107.13324,38.86515
Heuchera_parvifolia,-107.13324,38.86515
Heuchera_parvifolia,-107.1214,38.3245
Heuchera_parvifolia,-107.1186,42.4839
Heuchera_parvifolia,-107.1026,38.3828
Heuchera_parvifolia,-107.10015,38.94765
Heuchera_parvifolia,-107.100147,38.947645
Heuchera_parvifolia,-107.098175,38.950816
Heuchera_parvifolia,-107.09817,38.95082
Heuchera_parvifolia,-107.0849,42.1807
Heuchera_parvifolia,-107.0838,38.4266
Heuchera_parvifolia,-107.07889,44.0281
Heuchera_parvifolia,-107.06673,37.44384
Heuchera_parvifolia,-107.0657,38.9911
Heuchera_parvifolia,-107.0558,37.9645
Heuchera_parvifolia,-107.055,43.2076
Heuchera_parvifolia,-107.0423,37.4488
Heuchera_parvifolia,-107.0375,38.0368
Heuchera_parvifolia,-107.0268,38.9055
Heuchera_parvifolia,-107.0268,38.9055
Heuchera_parvifolia,-107.0232,38.2397
Heuchera_parvifolia,-107.01667,38.95833
Heuchera_parvifolia,-107.01667,38.95833
Heuchera_parvifolia,-107.0086,38.4054
Heuchera_parvifolia,-107.004581,39.979399
Heuchera_parvifolia,-107.00458,39.9794
Heuchera_parvifolia,-107.0036,43.6653
Heuchera_parvifolia,-107,38.95833
Heuchera_parvifolia,-106.9886291,38.95727304
Heuchera_parvifolia,-106.98576,38.95684
Heuchera_parvifolia,-106.982686,38.961942
Heuchera_parvifolia,-106.969576,38.88346
Heuchera_parvifolia,-106.960417,37.83615
Heuchera_parvifolia,-106.9569,38.4782
Heuchera_parvifolia,-106.9564,43.8678
Heuchera_parvifolia,-106.9541,38.4341
Heuchera_parvifolia,-106.9519,44.3317
Heuchera_parvifolia,-106.951724,44.301636
Heuchera_parvifolia,-106.9373,37.7652
Heuchera_parvifolia,-106.9307,37.5071
Heuchera_parvifolia,-106.9291,42.1807
Heuchera_parvifolia,-106.9277,38.0373
Heuchera_parvifolia,-106.915,37.902
Heuchera_parvifolia,-106.91176,43.59724
Heuchera_parvifolia,-106.9094,37.9934
Heuchera_parvifolia,-106.9094,37.9939
Heuchera_parvifolia,-106.9086,42.7431
Heuchera_parvifolia,-106.9024,38.4928
Heuchera_parvifolia,-106.9007,35.9217
Heuchera_parvifolia,-106.8967,39.6888
Heuchera_parvifolia,-106.8958,37.2285
Heuchera_parvifolia,-106.88974,44.17438
Heuchera_parvifolia,-106.883167,38.9517
Heuchera_parvifolia,-106.883167,38.9517
Heuchera_parvifolia,-106.8815,38.3316
Heuchera_parvifolia,-106.8756,43.8397
Heuchera_parvifolia,-106.8722,37.9409
Heuchera_parvifolia,-106.8634,38.0325
Heuchera_parvifolia,-106.862,39.1001
Heuchera_parvifolia,-106.8582,44.0829
Heuchera_parvifolia,-106.8572,37.6035
Heuchera_parvifolia,-106.8551793,36.03162841
Heuchera_parvifolia,-106.848531,38.704631
Heuchera_parvifolia,-106.8472,39.8972
Heuchera_parvifolia,-106.845133,37.609683
Heuchera_parvifolia,-106.8364,41.1521
Heuchera_parvifolia,-106.8314,44.20111
Heuchera_parvifolia,-106.8314,44.3314
Heuchera_parvifolia,-106.8296,38.5944
Heuchera_parvifolia,-106.8296,38.5944
Heuchera_parvifolia,-106.8249,41.0243
Heuchera_parvifolia,-106.8123,37.7932
Heuchera_parvifolia,-106.80942,40.49341
Heuchera_parvifolia,-106.80942,40.49341
Heuchera_parvifolia,-106.7932,38.5074
Heuchera_parvifolia,-106.7928,42.1374
Heuchera_parvifolia,-106.792433,36.042133
Heuchera_parvifolia,-106.7906,37.3069
Heuchera_parvifolia,-106.78579,38.98589
Heuchera_parvifolia,-106.78579,38.98589
Heuchera_parvifolia,-106.7846,37.9013
Heuchera_parvifolia,-106.778,39.362
Heuchera_parvifolia,-106.7726,38.4487
Heuchera_parvifolia,-106.7726,38.4487
Heuchera_parvifolia,-106.7676,41.1679
Heuchera_parvifolia,-106.763611,36.890833
Heuchera_parvifolia,-106.7555,41.2718
Heuchera_parvifolia,-106.7544,38.3316
Heuchera_parvifolia,-106.7544,38.3609
Heuchera_parvifolia,-106.7485,37.7854
Heuchera_parvifolia,-106.7372222,36.9694444
Heuchera_parvifolia,-106.7344,42.1374
Heuchera_parvifolia,-106.7294,41.2828
Heuchera_parvifolia,-106.71997,38.59364
Heuchera_parvifolia,-106.71997,38.59364
Heuchera_parvifolia,-106.719966,38.593643
Heuchera_parvifolia,-106.719966,38.593643
Heuchera_parvifolia,-106.7062,41.3736
Heuchera_parvifolia,-106.7049,38.0801
Heuchera_parvifolia,-106.689,37.84
Heuchera_parvifolia,-106.6787,41.693
Heuchera_parvifolia,-106.6747,38.2074
Heuchera_parvifolia,-106.6747,38.2074
Heuchera_parvifolia,-106.671,37.4921
Heuchera_parvifolia,-106.664174,37.399426
Heuchera_parvifolia,-106.664174,37.399426
Heuchera_parvifolia,-106.6577,39.4094
Heuchera_parvifolia,-106.655,37.0925
Heuchera_parvifolia,-106.6455,38.4048
Heuchera_parvifolia,-106.63,35.81
Heuchera_parvifolia,-106.63,35.81
Heuchera_parvifolia,-106.6274,38.2145
Heuchera_parvifolia,-106.6255,37.447
Heuchera_parvifolia,-106.6157,39.8972
Heuchera_parvifolia,-106.6011,35.8603
Heuchera_parvifolia,-106.6007,37.6703
Heuchera_parvifolia,-106.5906931,35.76419126
Heuchera_parvifolia,-106.59069,35.76419
Heuchera_parvifolia,-106.5787,42.2096
Heuchera_parvifolia,-106.5787,42.2385
Heuchera_parvifolia,-106.5769,41.2648
Heuchera_parvifolia,-106.5747,41.26
Heuchera_parvifolia,-106.5736,37.2863
Heuchera_parvifolia,-106.5736,37.2863
Heuchera_parvifolia,-106.5698,37.2885
Heuchera_parvifolia,-106.5698,37.2885
Heuchera_parvifolia,-106.5692,39.115
Heuchera_parvifolia,-106.5652,43.6072
Heuchera_parvifolia,-106.5628,39.9523
Heuchera_parvifolia,-106.560333,35.81405
Heuchera_parvifolia,-106.5602,37.5835
Heuchera_parvifolia,-106.5594,41.743
Heuchera_parvifolia,-106.559,32.37
Heuchera_parvifolia,-106.5559,32.3657
Heuchera_parvifolia,-106.5508,42.7443
Heuchera_parvifolia,-106.55,35.8219
Heuchera_parvifolia,-106.539,41.2511
Heuchera_parvifolia,-106.5386,37.2957
Heuchera_parvifolia,-106.53633,39.1522
Heuchera_parvifolia,-106.532833,35.815783
Heuchera_parvifolia,-106.53283,35.81578
Heuchera_parvifolia,-106.53283,35.81578
Heuchera_parvifolia,-106.53002,35.83791
Heuchera_parvifolia,-106.524017,35.8145
Heuchera_parvifolia,-106.520333,35.949833
Heuchera_parvifolia,-106.5165,39.9178
Heuchera_parvifolia,-106.5075,37.1067
Heuchera_parvifolia,-106.5002,38.2151
Heuchera_parvifolia,-106.4913,39.9916
Heuchera_parvifolia,-106.491,39.9935
Heuchera_parvifolia,-106.482,38.1126
Heuchera_parvifolia,-106.4784245,36.74483843
Heuchera_parvifolia,-106.475,35.833333
Heuchera_parvifolia,-106.4698,38.6935
Heuchera_parvifolia,-106.4698,38.6935
Heuchera_parvifolia,-106.4655823,35.21117359
Heuchera_parvifolia,-106.4655823,35.21117359
Heuchera_parvifolia,-106.4611167,36.8409
Heuchera_parvifolia,-106.4583,41.1131
Heuchera_parvifolia,-106.4544,37.0558
Heuchera_parvifolia,-106.4544,37.0558
Heuchera_parvifolia,-106.4541,40.267
Heuchera_parvifolia,-106.4525,40.2524
Heuchera_parvifolia,-106.451,35.9
Heuchera_parvifolia,-106.4509,35.90012
Heuchera_parvifolia,-106.448,37.5685
Heuchera_parvifolia,-106.448,37.5685
Heuchera_parvifolia,-106.4421159,35.20501431
Heuchera_parvifolia,-106.4372,39.5924
Heuchera_parvifolia,-106.4321,39.296
Heuchera_parvifolia,-106.427383,37.907883
Heuchera_parvifolia,-106.4203,41.1341
Heuchera_parvifolia,-106.42,41.059
Heuchera_parvifolia,-106.4146,37.4602
Heuchera_parvifolia,-106.4048,41.04
Heuchera_parvifolia,-106.4034,42.3397
Heuchera_parvifolia,-106.40339,38.82423
Heuchera_parvifolia,-106.4025333,34.66746667
Heuchera_parvifolia,-106.3964,40.6623
Heuchera_parvifolia,-106.3963,38.8335
Heuchera_parvifolia,-106.394444,35.895833
Heuchera_parvifolia,-106.3906629,36.00867469
Heuchera_parvifolia,-106.39066,36.00867
Heuchera_parvifolia,-106.3865,37.0777
Heuchera_parvifolia,-106.386,35.773
Heuchera_parvifolia,-106.3778,38.9632
Heuchera_parvifolia,-106.3721,41.7621
Heuchera_parvifolia,-106.3715,40.1893
Heuchera_parvifolia,-106.3682,41.114
Heuchera_parvifolia,-106.362802,35.164489
Heuchera_parvifolia,-106.36267,35.16461
Heuchera_parvifolia,-106.3626695,35.16460611
Heuchera_parvifolia,-106.361,35.7783
Heuchera_parvifolia,-106.3604,40.4163
Heuchera_parvifolia,-106.3604,40.4163
Heuchera_parvifolia,-106.3604,40.4163
Heuchera_parvifolia,-106.35861,35.75622
Heuchera_parvifolia,-106.3586065,35.75621678
Heuchera_parvifolia,-106.357,40.0281
Heuchera_parvifolia,-106.3548,36.9067
Heuchera_parvifolia,-106.3527,42.0676
Heuchera_parvifolia,-106.3523,38.3751
Heuchera_parvifolia,-106.349,40.2123
Heuchera_parvifolia,-106.3415,38.5024
Heuchera_parvifolia,-106.3407,38.7471
Heuchera_parvifolia,-106.3406,40.0002
Heuchera_parvifolia,-106.3397,40.098
Heuchera_parvifolia,-106.3353,36.5558
Heuchera_parvifolia,-106.33165,37.47325
Heuchera_parvifolia,-106.3263,36.5653
Heuchera_parvifolia,-106.3225,37.6033
Heuchera_parvifolia,-106.3207,37.9469
Heuchera_parvifolia,-106.3197,37.0306
Heuchera_parvifolia,-106.3152,38.1963
Heuchera_parvifolia,-106.3135,38.8106
Heuchera_parvifolia,-106.3135,38.8106
Heuchera_parvifolia,-106.3131,38.0712
Heuchera_parvifolia,-106.3113,36.436
Heuchera_parvifolia,-106.3113,36.436
Heuchera_parvifolia,-106.3105,39.8376
Heuchera_parvifolia,-106.3039,36.9432
Heuchera_parvifolia,-106.3036,38.92
Heuchera_parvifolia,-106.29848,35.88632
Heuchera_parvifolia,-106.29848,35.88632
Heuchera_parvifolia,-106.29848,35.88632
Heuchera_parvifolia,-106.29848,35.88632
Heuchera_parvifolia,-106.2984795,35.88632171
Heuchera_parvifolia,-106.2984795,35.88632171
Heuchera_parvifolia,-106.2984795,35.88632171
Heuchera_parvifolia,-106.2984795,35.88632171
Heuchera_parvifolia,-106.29389,38.56819
Heuchera_parvifolia,-106.293888,38.568194
Heuchera_parvifolia,-106.2924,39.92
Heuchera_parvifolia,-106.2872,38.473
Heuchera_parvifolia,-106.2858,36.7333
Heuchera_parvifolia,-106.285,38.92
Heuchera_parvifolia,-106.2720473,35.78026985
Heuchera_parvifolia,-106.2672,42.1807
Heuchera_parvifolia,-106.2657,40.3583
Heuchera_parvifolia,-106.26534,35.76976
Heuchera_parvifolia,-106.2604157,35.76517834
Heuchera_parvifolia,-106.2556,41.3872
Heuchera_parvifolia,-106.2556,41.3872
Heuchera_parvifolia,-106.251,38.6705
Heuchera_parvifolia,-106.2491,37.8966
Heuchera_parvifolia,-106.2424,40.3106
Heuchera_parvifolia,-106.2424,40.3106
Heuchera_parvifolia,-106.241,38.4036
Heuchera_parvifolia,-106.241,38.4036
Heuchera_parvifolia,-106.2383,41.1169
Heuchera_parvifolia,-106.2354,40.0152
Heuchera_parvifolia,-106.23056,38.14111
Heuchera_parvifolia,-106.2304,41.5772
Heuchera_parvifolia,-106.2108,40.1454
Heuchera_parvifolia,-106.2083,38.3333
Heuchera_parvifolia,-106.2039,38.1687
Heuchera_parvifolia,-106.1991,38.0477
Heuchera_parvifolia,-106.1963,36.5997
Heuchera_parvifolia,-106.1892,39.543
Heuchera_parvifolia,-106.188,40.3872
Heuchera_parvifolia,-106.1858,40.0777
Heuchera_parvifolia,-106.1779,40.0347
Heuchera_parvifolia,-106.1668,38.3484
Heuchera_parvifolia,-106.1531,41.3996
Heuchera_parvifolia,-106.1483,38.3484
Heuchera_parvifolia,-106.1336,41.1798
Heuchera_parvifolia,-106.1315,40.3284
Heuchera_parvifolia,-106.1307,36.7669
Heuchera_parvifolia,-106.1282,40.3251
Heuchera_parvifolia,-106.1227,36.8184
Heuchera_parvifolia,-106.1111,39.5118
Heuchera_parvifolia,-106.1089,40.0218
Heuchera_parvifolia,-106.09828,39.00225
Heuchera_parvifolia,-106.098278,39.002251
Heuchera_parvifolia,-106.0978,36.64659
Heuchera_parvifolia,-106.0926,38.2102
Heuchera_parvifolia,-106.0926,38.2931
Heuchera_parvifolia,-106.0865,39.8959
Heuchera_parvifolia,-106.0832,41.0296
Heuchera_parvifolia,-106.0796,39.3918
Heuchera_parvifolia,-106.0745,39.4263
Heuchera_parvifolia,-106.0715,41.1711
Heuchera_parvifolia,-106.070839,41.104753
Heuchera_parvifolia,-106.0674,41.23381
Heuchera_parvifolia,-106.0647,41.2828
Heuchera_parvifolia,-106.0541,41.2784
Heuchera_parvifolia,-106.0453,41.1405
Heuchera_parvifolia,-106.0447,41.2683
Heuchera_parvifolia,-106.0432,39.5562
Heuchera_parvifolia,-106.0432,39.5562
Heuchera_parvifolia,-106.0373,40.5662
Heuchera_parvifolia,-106.0354,36.695
Heuchera_parvifolia,-106.0334,41.0306
Heuchera_parvifolia,-106.0326,41.1468
Heuchera_parvifolia,-106.0315,41.0412
Heuchera_parvifolia,-106.0312,36.6461
Heuchera_parvifolia,-106.0289,41.0317
Heuchera_parvifolia,-106.0159,38.46
Heuchera_parvifolia,-106.0159,38.46
Heuchera_parvifolia,-105.9981,40.137
Heuchera_parvifolia,-105.9934,40.1031
Heuchera_parvifolia,-105.9876,39.4116
Heuchera_parvifolia,-105.9876,39.4116
Heuchera_parvifolia,-105.9869,39.4594
Heuchera_parvifolia,-105.9822,39.4059
Heuchera_parvifolia,-105.9814,41.0628
Heuchera_parvifolia,-105.9814,41.0628
Heuchera_parvifolia,-105.980503,38.527649
Heuchera_parvifolia,-105.9805,38.52765
Heuchera_parvifolia,-105.9796,38.5717
Heuchera_parvifolia,-105.97889,39.46123
Heuchera_parvifolia,-105.9748,40.7189
Heuchera_parvifolia,-105.9561,40.3317
Heuchera_parvifolia,-105.9553,43.7864
Heuchera_parvifolia,-105.945,40.59583
Heuchera_parvifolia,-105.945,40.595833
Heuchera_parvifolia,-105.9413,39.875
Heuchera_parvifolia,-105.9364,39.4627
Heuchera_parvifolia,-105.9294,40.1822
Heuchera_parvifolia,-105.9278,41.0233
Heuchera_parvifolia,-105.9247,40.6046
Heuchera_parvifolia,-105.9229,40.5755
Heuchera_parvifolia,-105.9094,40.5538
Heuchera_parvifolia,-105.9086,41.0086
Heuchera_parvifolia,-105.9055,40.5152
Heuchera_parvifolia,-105.9039,40.4741
Heuchera_parvifolia,-105.9039,40.5465
Heuchera_parvifolia,-105.8944,43.7431
Heuchera_parvifolia,-105.8879,39.7767
Heuchera_parvifolia,-105.8879,39.7767
Heuchera_parvifolia,-105.8879,39.7767
Heuchera_parvifolia,-105.8834,39.657
Heuchera_parvifolia,-105.8826,40.1841
Heuchera_parvifolia,-105.8796,40.4768
Heuchera_parvifolia,-105.8761,43.7294
Heuchera_parvifolia,-105.8708,36.0848
Heuchera_parvifolia,-105.870364,40.477869
Heuchera_parvifolia,-105.87036,40.47787
Heuchera_parvifolia,-105.8703,40.4795
Heuchera_parvifolia,-105.8703,40.4795
Heuchera_parvifolia,-105.8676,40.4729
Heuchera_parvifolia,-105.8676,40.4729
Heuchera_parvifolia,-105.8642,36.1319
Heuchera_parvifolia,-105.8537,39.7025
Heuchera_parvifolia,-105.8362,40.0381
Heuchera_parvifolia,-105.8329,38.3207
Heuchera_parvifolia,-105.8323,39.5349
Heuchera_parvifolia,-105.83,40.4163
Heuchera_parvifolia,-105.83,40.4163
Heuchera_parvifolia,-105.8251,40.0035
Heuchera_parvifolia,-105.822,35.7625
Heuchera_parvifolia,-105.8176,39.6339
Heuchera_parvifolia,-105.817002,39.644317
Heuchera_parvifolia,-105.817,39.64432
Heuchera_parvifolia,-105.7992,39.6474
Heuchera_parvifolia,-105.7927,40.7683
Heuchera_parvifolia,-105.79268,39.8068
Heuchera_parvifolia,-105.7819,39.6253
Heuchera_parvifolia,-105.7819,39.6253
Heuchera_parvifolia,-105.77956,39.58722
Heuchera_parvifolia,-105.77694,39.54611
Heuchera_parvifolia,-105.7701,39.5878
Heuchera_parvifolia,-105.7701,39.5878
Heuchera_parvifolia,-105.7648,35.793
Heuchera_parvifolia,-105.75984,35.82912
Heuchera_parvifolia,-105.755,35.838
Heuchera_parvifolia,-105.7522,39.6017
Heuchera_parvifolia,-105.7482,39.7361
Heuchera_parvifolia,-105.7412,35.5432
Heuchera_parvifolia,-105.73688,33.46099
Heuchera_parvifolia,-105.73688,33.46099
Heuchera_parvifolia,-105.7368755,33.46098946
Heuchera_parvifolia,-105.7368755,33.46098946
Heuchera_parvifolia,-105.7321,40.9544
Heuchera_parvifolia,-105.7176,36.0773
Heuchera_parvifolia,-105.713081,38.137399
Heuchera_parvifolia,-105.71308,38.1374
Heuchera_parvifolia,-105.7121,40.5922
Heuchera_parvifolia,-105.7121,40.5922
Heuchera_parvifolia,-105.7105,36.2925
Heuchera_parvifolia,-105.7063,39.23964
Heuchera_parvifolia,-105.703151,40.396936
Heuchera_parvifolia,-105.70315,40.39694
Heuchera_parvifolia,-105.7031,38.224
Heuchera_parvifolia,-105.6993,39.887
Heuchera_parvifolia,-105.6936,40.0186
Heuchera_parvifolia,-105.69,39.5901
Heuchera_parvifolia,-105.6894,36.2244
Heuchera_parvifolia,-105.6889,36.6404
Heuchera_parvifolia,-105.686155,36.675817
Heuchera_parvifolia,-105.686122,40.382812
Heuchera_parvifolia,-105.68612,40.38281
Heuchera_parvifolia,-105.6822,39.9175
Heuchera_parvifolia,-105.6766,40.952
Heuchera_parvifolia,-105.6763,40.3774
Heuchera_parvifolia,-105.6744,36.7737
Heuchera_parvifolia,-105.6694,42.3941
Heuchera_parvifolia,-105.6661,42.4529
Heuchera_parvifolia,-105.66389,39.85389
Heuchera_parvifolia,-105.6638889,39.85388889
Heuchera_parvifolia,-105.663,40.516
Heuchera_parvifolia,-105.663,40.516
Heuchera_parvifolia,-105.662121,38.092075
Heuchera_parvifolia,-105.66212,38.09208
Heuchera_parvifolia,-105.6575,39.8559
Heuchera_parvifolia,-105.6575,39.8559
Heuchera_parvifolia,-105.65519,35.91069
Heuchera_parvifolia,-105.654083,35.912833
Heuchera_parvifolia,-105.6526,40.5236
Heuchera_parvifolia,-105.6526,40.5236
Heuchera_parvifolia,-105.6476,41.1082
Heuchera_parvifolia,-105.6467,37.9861
Heuchera_parvifolia,-105.646,40.0019
Heuchera_parvifolia,-105.6451401,35.9620172
Heuchera_parvifolia,-105.6451,38.0916
Heuchera_parvifolia,-105.6425,39.5883
Heuchera_parvifolia,-105.6425,39.5883
Heuchera_parvifolia,-105.6392,35.9598
Heuchera_parvifolia,-105.6369,36.0009
Heuchera_parvifolia,-105.6339,39.6054
Heuchera_parvifolia,-105.6256,35.9772
Heuchera_parvifolia,-105.6253,42.4084
Heuchera_parvifolia,-105.6244,35.9804
Heuchera_parvifolia,-105.62402,42.4073
Heuchera_parvifolia,-105.61694,40.05972
Heuchera_parvifolia,-105.61694,40.05972
Heuchera_parvifolia,-105.6166,39.6111
Heuchera_parvifolia,-105.614333,35.691067
Heuchera_parvifolia,-105.6086,38.0479
Heuchera_parvifolia,-105.6086,38.0479
Heuchera_parvifolia,-105.6058,40.0934
Heuchera_parvifolia,-105.6058,40.0934
Heuchera_parvifolia,-105.6053,39.6208
Heuchera_parvifolia,-105.60277,39.635
Heuchera_parvifolia,-105.60267,39.63066
Heuchera_parvifolia,-105.60267,39.63066
Heuchera_parvifolia,-105.60267,39.63066
Heuchera_parvifolia,-105.60267,39.63066
Heuchera_parvifolia,-105.60267,39.63066
Heuchera_parvifolia,-105.60267,39.63066
Heuchera_parvifolia,-105.60267,39.630661
Heuchera_parvifolia,-105.60267,39.630661
Heuchera_parvifolia,-105.60267,39.630661
Heuchera_parvifolia,-105.60267,39.630661
Heuchera_parvifolia,-105.60267,39.630661
Heuchera_parvifolia,-105.60267,39.630661
Heuchera_parvifolia,-105.6025,39.13528
Heuchera_parvifolia,-105.6004,40.7777
Heuchera_parvifolia,-105.59694,39.6362
Heuchera_parvifolia,-105.596938,39.636196
Heuchera_parvifolia,-105.586585,39.906686
Heuchera_parvifolia,-105.58658,39.90669
Heuchera_parvifolia,-105.5847,38.0643
Heuchera_parvifolia,-105.5828,40.0132
Heuchera_parvifolia,-105.58,36.17
Heuchera_parvifolia,-105.58,36.17
Heuchera_parvifolia,-105.5797,40.8627
Heuchera_parvifolia,-105.5791,38.427
Heuchera_parvifolia,-105.5781,35.8813
Heuchera_parvifolia,-105.5778,35.87
Heuchera_parvifolia,-105.5778,35.87
Heuchera_parvifolia,-105.572,39.6368
Heuchera_parvifolia,-105.572,39.6368
Heuchera_parvifolia,-105.572,39.6368
Heuchera_parvifolia,-105.572,39.6368
Heuchera_parvifolia,-105.572,39.6368
Heuchera_parvifolia,-105.572,39.6368
Heuchera_parvifolia,-105.57071,39.50989
Heuchera_parvifolia,-105.570707,39.509894
Heuchera_parvifolia,-105.5678,37.6093
Heuchera_parvifolia,-105.5678,37.6676
Heuchera_parvifolia,-105.5646,39.8717
Heuchera_parvifolia,-105.5646,39.8717
Heuchera_parvifolia,-105.5614,38.3423
Heuchera_parvifolia,-105.5588,40.1695
Heuchera_parvifolia,-105.5483,36.3751
Heuchera_parvifolia,-105.5481,37.9622
Heuchera_parvifolia,-105.5481,37.9767
Heuchera_parvifolia,-105.5468,42.1807
Heuchera_parvifolia,-105.5464,36.0423
Heuchera_parvifolia,-105.5459,36.6335
Heuchera_parvifolia,-105.5458,40.6915
Heuchera_parvifolia,-105.5458,40.6915
Heuchera_parvifolia,-105.5433,40.7341
Heuchera_parvifolia,-105.5433,40.7341
Heuchera_parvifolia,-105.5432,36.6107
Heuchera_parvifolia,-105.5315,36.5075
Heuchera_parvifolia,-105.5309,40.1514
Heuchera_parvifolia,-105.5309,40.1514
Heuchera_parvifolia,-105.5309,40.1514
Heuchera_parvifolia,-105.5309,40.1514
Heuchera_parvifolia,-105.5298,37.933
Heuchera_parvifolia,-105.5278,36.4187
Heuchera_parvifolia,-105.523,35.736
Heuchera_parvifolia,-105.5227,40.8139
Heuchera_parvifolia,-105.522,36.4619
Heuchera_parvifolia,-105.5154,40.0642
Heuchera_parvifolia,-105.5139,35.9296
Heuchera_parvifolia,-105.5131,37.6093
Heuchera_parvifolia,-105.5131,37.6093
Heuchera_parvifolia,-105.5115,37.9476
Heuchera_parvifolia,-105.5115,37.9476
Heuchera_parvifolia,-105.50724,37.58854
Heuchera_parvifolia,-105.5072,41.6899
Heuchera_parvifolia,-105.50481,37.57019
Heuchera_parvifolia,-105.5047,40.6694
Heuchera_parvifolia,-105.5042,37.5694
Heuchera_parvifolia,-105.5042,37.5694
Heuchera_parvifolia,-105.4981,40.6883
Heuchera_parvifolia,-105.4954,36.7837
Heuchera_parvifolia,-105.4932,37.933
Heuchera_parvifolia,-105.4856,36.4431
Heuchera_parvifolia,-105.4839,35.9395
Heuchera_parvifolia,-105.4819,40.6811
Heuchera_parvifolia,-105.4819,40.6811
Heuchera_parvifolia,-105.4772,37.5861
Heuchera_parvifolia,-105.4749,40.6856
Heuchera_parvifolia,-105.4741,36.7949
Heuchera_parvifolia,-105.469165,36.788382
Heuchera_parvifolia,-105.4671,40.9229
Heuchera_parvifolia,-105.4667,37.5833
Heuchera_parvifolia,-105.453,36.622
Heuchera_parvifolia,-105.4519,41.0539
Heuchera_parvifolia,-105.4513,36.4395
Heuchera_parvifolia,-105.4499,42.4275
Heuchera_parvifolia,-105.4498,36.5225
Heuchera_parvifolia,-105.448,35.77
Heuchera_parvifolia,-105.4434,36.6367
Heuchera_parvifolia,-105.4382,36.5742
Heuchera_parvifolia,-105.426,36.6002
Heuchera_parvifolia,-105.4185,41.9446
Heuchera_parvifolia,-105.41666,39.61666
Heuchera_parvifolia,-105.4119,36.2765
Heuchera_parvifolia,-105.4055,41.9352
Heuchera_parvifolia,-105.40039,35.94306
Heuchera_parvifolia,-105.400388,35.943055
Heuchera_parvifolia,-105.39485,40.98161
Heuchera_parvifolia,-105.3892,36.2902
Heuchera_parvifolia,-105.3813,36.5923
Heuchera_parvifolia,-105.3754,42.3098
Heuchera_parvifolia,-105.3714,37.7022
Heuchera_parvifolia,-105.3672,37.7113
Heuchera_parvifolia,-105.3666,40.1392
Heuchera_parvifolia,-105.3666,40.1392
Heuchera_parvifolia,-105.360731,39.848161
Heuchera_parvifolia,-105.36073,39.84816
Heuchera_parvifolia,-105.3586,36.7839
Heuchera_parvifolia,-105.3579,42.3261
Heuchera_parvifolia,-105.3543,40.6909
Heuchera_parvifolia,-105.35203,36.95179
Heuchera_parvifolia,-105.352,40.7705
Heuchera_parvifolia,-105.352,40.7705
Heuchera_parvifolia,-105.35153,36.9653
Heuchera_parvifolia,-105.35007,35.76706
Heuchera_parvifolia,-105.3496,38.3282
Heuchera_parvifolia,-105.3468,38.181
Heuchera_parvifolia,-105.3412,36.2539
Heuchera_parvifolia,-105.3412,36.4696
Heuchera_parvifolia,-105.3361,42.2584
Heuchera_parvifolia,-105.3324,42.4275
Heuchera_parvifolia,-105.3303167,36.9166833
Heuchera_parvifolia,-105.33025,36.90327778
Heuchera_parvifolia,-105.33025,36.9032778
Heuchera_parvifolia,-105.33,40.865
Heuchera_parvifolia,-105.33,40.865
Heuchera_parvifolia,-105.323911,39.718956
Heuchera_parvifolia,-105.32391,39.71896
Heuchera_parvifolia,-105.320488,36.959709
Heuchera_parvifolia,-105.319984,36.932148
Heuchera_parvifolia,-105.3129,42.4275
Heuchera_parvifolia,-105.3054,40.6151
Heuchera_parvifolia,-105.3054,40.6151
Heuchera_parvifolia,-105.303177,36.977966
Heuchera_parvifolia,-105.301201,36.98122
Heuchera_parvifolia,-105.2957,40.952
Heuchera_parvifolia,-105.28,41.0536
Heuchera_parvifolia,-105.2782,40.6909
Heuchera_parvifolia,-105.2782,40.6909
Heuchera_parvifolia,-105.2762,36.7808
Heuchera_parvifolia,-105.271324,36.948875
Heuchera_parvifolia,-105.2668,40.6961
Heuchera_parvifolia,-105.2668,40.6961
Heuchera_parvifolia,-105.2652,38.90353
Heuchera_parvifolia,-105.265197,38.903533
Heuchera_parvifolia,-105.25734,36.2753
Heuchera_parvifolia,-105.2542,40.5595
Heuchera_parvifolia,-105.2542,40.5595
Heuchera_parvifolia,-105.2539,42.3128
Heuchera_parvifolia,-105.25082,40.80856
Heuchera_parvifolia,-105.250817,40.80856
Heuchera_parvifolia,-105.2485,39.9486
Heuchera_parvifolia,-105.2485,39.9486
Heuchera_parvifolia,-105.247593,38.918864
Heuchera_parvifolia,-105.24759,38.91886
Heuchera_parvifolia,-105.2454,40.8164
Heuchera_parvifolia,-105.2454,40.8164
Heuchera_parvifolia,-105.2432,38.3399
Heuchera_parvifolia,-105.2432,38.3688
Heuchera_parvifolia,-105.2402,40.4307
Heuchera_parvifolia,-105.2402,40.4307
Heuchera_parvifolia,-105.2401111,37.01530556
Heuchera_parvifolia,-105.2374,37.3311
Heuchera_parvifolia,-105.23102,38.94062
Heuchera_parvifolia,-105.231018,38.940624
Heuchera_parvifolia,-105.2299,39.9293
Heuchera_parvifolia,-105.2299,39.9293
Heuchera_parvifolia,-105.22725,36.986
Heuchera_parvifolia,-105.2255,36.8316
Heuchera_parvifolia,-105.2226389,36.95077778
Heuchera_parvifolia,-105.2213,37.0463
Heuchera_parvifolia,-105.2213,37.0463
Heuchera_parvifolia,-105.2187,37.9622
Heuchera_parvifolia,-105.213623,36.890858
Heuchera_parvifolia,-105.2099,33.6129
Heuchera_parvifolia,-105.2035,39.89248
Heuchera_parvifolia,-105.203,37.7259
Heuchera_parvifolia,-105.19566,39.75875
Heuchera_parvifolia,-105.195659,39.758753
Heuchera_parvifolia,-105.1941,40.5954
Heuchera_parvifolia,-105.1941,40.5954
Heuchera_parvifolia,-105.1879,38.2677
Heuchera_parvifolia,-105.1879,38.2677
Heuchera_parvifolia,-105.17701,41.18198
Heuchera_parvifolia,-105.1767333,36.52688333
Heuchera_parvifolia,-105.1767333,36.52688333
Heuchera_parvifolia,-105.1761111,36.96944444
Heuchera_parvifolia,-105.1761111,36.96944444
Heuchera_parvifolia,-105.17611,36.96944
Heuchera_parvifolia,-105.1718056,36.96669444
Heuchera_parvifolia,-105.169,40.5278
Heuchera_parvifolia,-105.169,40.5278
Heuchera_parvifolia,-105.169,40.5278
Heuchera_parvifolia,-105.169,40.5278
Heuchera_parvifolia,-105.1658,37.2944
Heuchera_parvifolia,-105.1641,40.5753
Heuchera_parvifolia,-105.1641,40.5753
Heuchera_parvifolia,-105.1641,40.5753
Heuchera_parvifolia,-105.1641,40.5753
Heuchera_parvifolia,-105.1639,37.2917
Heuchera_parvifolia,-105.1599,40.5654
Heuchera_parvifolia,-105.1599,40.5654
Heuchera_parvifolia,-105.1599,40.5654
Heuchera_parvifolia,-105.1599,40.5654
Heuchera_parvifolia,-105.1599,40.5654
Heuchera_parvifolia,-105.1599,40.5654
Heuchera_parvifolia,-105.1576,40.6226
Heuchera_parvifolia,-105.1576,40.6226
Heuchera_parvifolia,-105.1472,40.5539
Heuchera_parvifolia,-105.1472,40.5539
Heuchera_parvifolia,-105.1472,40.5539
Heuchera_parvifolia,-105.1472,40.5539
Heuchera_parvifolia,-105.1451,40.4596
Heuchera_parvifolia,-105.1451,40.4596
Heuchera_parvifolia,-105.1433,40.7051
Heuchera_parvifolia,-105.1433,40.7051
Heuchera_parvifolia,-105.1325,36.5459
Heuchera_parvifolia,-105.1325,36.5459
Heuchera_parvifolia,-105.130061,39.296803
Heuchera_parvifolia,-105.13006,39.2968
Heuchera_parvifolia,-105.1289,40.5297
Heuchera_parvifolia,-105.1289,40.5297
Heuchera_parvifolia,-105.1089,38.0205
Heuchera_parvifolia,-105.10165,38.19422
Heuchera_parvifolia,-105.10165,38.19422
Heuchera_parvifolia,-105.101041,40.164993
Heuchera_parvifolia,-105.10104,40.16499
Heuchera_parvifolia,-105.0741,37.3311
Heuchera_parvifolia,-105.0724,38.7689
Heuchera_parvifolia,-105.0724,38.7689
Heuchera_parvifolia,-105.0718,39.0847
Heuchera_parvifolia,-105.0718,39.0847
Heuchera_parvifolia,-105.057,38.8681
Heuchera_parvifolia,-105.03713,38.8217
Heuchera_parvifolia,-105.037127,38.821704
Heuchera_parvifolia,-105.0357,37.9038
Heuchera_parvifolia,-105.0357,37.9038
Heuchera_parvifolia,-105.0357,37.9038
Heuchera_parvifolia,-105.033,37.8973
Heuchera_parvifolia,-105.033,37.8973
Heuchera_parvifolia,-105.0212778,36.92888889
Heuchera_parvifolia,-105.01796,38.81635
Heuchera_parvifolia,-105.017957,38.816346
Heuchera_parvifolia,-105.0174,37.9038
Heuchera_parvifolia,-105.0024,37.6531
Heuchera_parvifolia,-105.0016,37.3602
Heuchera_parvifolia,-104.9991,37.8892
Heuchera_parvifolia,-104.9991,37.9476
Heuchera_parvifolia,-104.9991,37.9476
Heuchera_parvifolia,-104.98108,37.37458
Heuchera_parvifolia,-104.9775,36.8922222
Heuchera_parvifolia,-104.9775,36.89222222
Heuchera_parvifolia,-104.97054,38.83695
Heuchera_parvifolia,-104.970538,38.836946
Heuchera_parvifolia,-104.9625,37.9184
Heuchera_parvifolia,-104.95502,38.11921
Heuchera_parvifolia,-104.95502,38.11921
Heuchera_parvifolia,-104.95273,38.85021
Heuchera_parvifolia,-104.950015,39.331457
Heuchera_parvifolia,-104.95001,39.33146
Heuchera_parvifolia,-104.93831,36.81257
Heuchera_parvifolia,-104.9383058,36.81257253
Heuchera_parvifolia,-104.927143,36.793793
Heuchera_parvifolia,-104.92,36.88
Heuchera_parvifolia,-104.92,36.88
Heuchera_parvifolia,-104.91622,38.61887
Heuchera_parvifolia,-104.91253,38.8578
Heuchera_parvifolia,-104.9112,37.3908
Heuchera_parvifolia,-104.887203,39.228602
Heuchera_parvifolia,-104.864815,36.585094
Heuchera_parvifolia,-104.864522,38.789074
Heuchera_parvifolia,-104.86452,38.78907
Heuchera_parvifolia,-104.8505556,36.66888889
Heuchera_parvifolia,-104.774933,36.935196
Heuchera_parvifolia,-104.743233,39.334032
Heuchera_parvifolia,-104.7288,37.4782
Heuchera_parvifolia,-104.6453,42.3994
Heuchera_parvifolia,-104.6453,42.3994
Heuchera_parvifolia,-104.6108,42.8516
Heuchera_parvifolia,-104.6108,42.8516
Heuchera_parvifolia,-104.590942,40.96043
Heuchera_parvifolia,-104.5857222,36.90133333
Heuchera_parvifolia,-104.5137222,36.91541667
Heuchera_parvifolia,-104.39567,37.02354
Heuchera_parvifolia,-104.395666,37.023536
Heuchera_parvifolia,-104.3294,36.9106
Heuchera_parvifolia,-104.0692,41.1819
Heuchera_parvifolia,-103.8726477,36.71146213
Heuchera_parvifolia,-103.8701087,36.71072323
Heuchera_parvifolia,-103.785205,37.401383