Heuchera_versicolor,-107.701071,27.74821426
Heuchera_versicolor,-108.3445243,29.97093034
Heuchera_versicolor,-107.5824766,27.1429496
Heuchera_versicolor,-107.657711,27.75304635
Heuchera_versicolor,-104.0833278,29.18330653
Heuchera_versicolor,-108.0332667,28.43322651
Heuchera_versicolor,-108.7001167,27.300429
Heuchera_versicolor,-102.5719333,28.99316587
Heuchera_versicolor,-106.4994125,28.79493064
Heuchera_versicolor,-102.6037088,29.10905918
Heuchera_versicolor,-102.5498481,28.98326051
Heuchera_versicolor,-102.1051312,27.59993198
Heuchera_versicolor,-106.7225618,25.36849648
Heuchera_versicolor,-108.1836397,28.03307514
Heuchera_versicolor,-107.5719393,27.62135093
Heuchera_versicolor,-102.6166787,29.11662693
Heuchera_versicolor,-108.3166731,28.18361944
Heuchera_versicolor,-105.8499839,25.06666581
Heuchera_versicolor,-103.1281926,23.45059054
Heuchera_versicolor,-108.8985963,28.36055054
Heuchera_versicolor,-105.2999575,23.83332957
Heuchera_versicolor,-113.8988,35.0892
Heuchera_versicolor,-113.8983,35.0892
Heuchera_versicolor,-113.8983,35.0892
Heuchera_versicolor,-113.8841,34.9
Heuchera_versicolor,-113.8377,36.29
Heuchera_versicolor,-112.9415,34.84975
Heuchera_versicolor,-112.74,34.2526
Heuchera_versicolor,-112.7396,34.1657
Heuchera_versicolor,-112.506,36.8947
Heuchera_versicolor,-112.3156,34.1502
Heuchera_versicolor,-112.2054,35.1995
Heuchera_versicolor,-112.18044,34.74789
Heuchera_versicolor,-112.1329,36.0691
Heuchera_versicolor,-111.7455,34.9893
Heuchera_versicolor,-111.6928,35.3467
Heuchera_versicolor,-111.6832,35.3408
Heuchera_versicolor,-111.6832,35.3408
Heuchera_versicolor,-111.6832,35.3408
Heuchera_versicolor,-111.6832,35.3408
Heuchera_versicolor,-111.6832,35.3408
Heuchera_versicolor,-111.6825,35.34083
Heuchera_versicolor,-111.6785,35.3258
Heuchera_versicolor,-111.661,35.3231
Heuchera_versicolor,-111.6518,35.3269
Heuchera_versicolor,-111.648,35.3405
Heuchera_versicolor,-111.22472,34.43056
Heuchera_versicolor,-110.9125,34.40641
Heuchera_versicolor,-110.9054,33.8123
Heuchera_versicolor,-110.9023,33.8491
Heuchera_versicolor,-110.9023,33.806
Heuchera_versicolor,-110.86667,31.72583
Heuchera_versicolor,-110.82056,33.28222
Heuchera_versicolor,-110.7871,33.3942
Heuchera_versicolor,-110.7834,33.6284
Heuchera_versicolor,-110.7748,31.8259
Heuchera_versicolor,-110.7596,32.4427
Heuchera_versicolor,-110.7557,32.4279
Heuchera_versicolor,-110.7368,32.4267
Heuchera_versicolor,-110.71477,32.4158
Heuchera_versicolor,-110.7144,32.4155
Heuchera_versicolor,-110.2929,31.3929
Heuchera_versicolor,-109.9167,32.6676
Heuchera_versicolor,-109.9022,32.6906
Heuchera_versicolor,-109.9022,32.6906
Heuchera_versicolor,-109.9017,32.6915
Heuchera_versicolor,-109.8842,32.6779
Heuchera_versicolor,-109.8715,32.7017
Heuchera_versicolor,-109.8715,32.7017
Heuchera_versicolor,-109.8715,32.7017
Heuchera_versicolor,-109.8715,32.7017
Heuchera_versicolor,-109.8676,32.694
Heuchera_versicolor,-109.863,32.6928
Heuchera_versicolor,-109.8609,32.6579
Heuchera_versicolor,-109.8609,32.6579
Heuchera_versicolor,-109.849,32.6501
Heuchera_versicolor,-109.8427,32.6651
Heuchera_versicolor,-109.8424,32.6336
Heuchera_versicolor,-109.8424,32.6336
Heuchera_versicolor,-109.5851,33.9106
Heuchera_versicolor,-109.5851,33.9106
Heuchera_versicolor,-109.5634,33.9062
Heuchera_versicolor,-109.5634,33.9062
Heuchera_versicolor,-109.5537,33.9007
Heuchera_versicolor,-109.5065,33.9598
Heuchera_versicolor,-109.484,33.9588
Heuchera_versicolor,-109.3464,31.8539
Heuchera_versicolor,-109.2843,31.9223
Heuchera_versicolor,-109.284,31.8501
Heuchera_versicolor,-109.2798,31.9057
Heuchera_versicolor,-109.2756,31.9034
Heuchera_versicolor,-109.2756,31.9034
Heuchera_versicolor,-109.2734,31.9168
Heuchera_versicolor,-109.2729,31.9182
Heuchera_versicolor,-109.2691,31.9152
Heuchera_versicolor,-109.2631,31.9226
Heuchera_versicolor,-109.0706,35.7333
Heuchera_versicolor,-109.0667,36.45
Heuchera_versicolor,-109.048,28.372
Heuchera_versicolor,-109.01928,33.82661
Heuchera_versicolor,-108.899,28.361
Heuchera_versicolor,-108.6899,33.38124
Heuchera_versicolor,-108.68303,33.40342
Heuchera_versicolor,-108.66667,27.35
Heuchera_versicolor,-108.6215,33.40205
Heuchera_versicolor,-108.3333,29.98333
Heuchera_versicolor,-108.325,28.192
Heuchera_versicolor,-108.325,28.192
Heuchera_versicolor,-108.325,28.192
Heuchera_versicolor,-108.325,28.192
Heuchera_versicolor,-108.325,28.192
Heuchera_versicolor,-108.325,28.192
Heuchera_versicolor,-108.31667,28.18333
Heuchera_versicolor,-108.31667,28.18333
Heuchera_versicolor,-108.31667,28.18333
Heuchera_versicolor,-108.31667,28.18333
Heuchera_versicolor,-108.192,28.042
Heuchera_versicolor,-108.192,28.042
Heuchera_versicolor,-108.192,28.042
Heuchera_versicolor,-108.192,28.042
Heuchera_versicolor,-108.192,28.042
Heuchera_versicolor,-108.192,28.042
Heuchera_versicolor,-108.18333,28.03333
Heuchera_versicolor,-108.18333,28.03333
Heuchera_versicolor,-108.18333,28.03333
Heuchera_versicolor,-108.1833,28.066
Heuchera_versicolor,-108.175,28.075
Heuchera_versicolor,-108.175,28.075
Heuchera_versicolor,-108.175,28.075
Heuchera_versicolor,-108.175,28.075
Heuchera_versicolor,-108.175,28.075
Heuchera_versicolor,-108.175,28.075
Heuchera_versicolor,-108.167,28.067
Heuchera_versicolor,-108.16667,28.06667
Heuchera_versicolor,-108.16667,28.06667
Heuchera_versicolor,-108.16667,28.06667
Heuchera_versicolor,-108.07938,33.35048
Heuchera_versicolor,-108.07938,33.35048
Heuchera_versicolor,-107.945,33.204
Heuchera_versicolor,-107.749,32.535
Heuchera_versicolor,-106.57183,32.32274
Heuchera_versicolor,-106.536,32.67606
Heuchera_versicolor,-105.76867,33.46404
Heuchera_versicolor,-105.73688,33.46099
Heuchera_versicolor,-102.61667,29.11667
Heuchera_versicolor,-107.50089,27.37211
Heuchera_versicolor,-108.166667,28.066667
Heuchera_versicolor,-108.869722,28.343056
Heuchera_versicolor,-108.898611,28.360556
Heuchera_versicolor,-108.9162,28.3692
Heuchera_versicolor,-108.983611,29.860278
Heuchera_versicolor,-108.983611,29.860278
Heuchera_versicolor,-108.98361,29.86028
Heuchera_versicolor,-110.2976,31.3874
Heuchera_versicolor,-110.302,31.4037
Heuchera_versicolor,-110.3133,31.406
Heuchera_versicolor,-110.415,31.4964
Heuchera_versicolor,-109.283,31.85
Heuchera_versicolor,-109.287306,31.85075
Heuchera_versicolor,-109.326323,31.857804
Heuchera_versicolor,-106.491667,31.900556
Heuchera_versicolor,-109.27859,31.90279
Heuchera_versicolor,-109.277,31.905
Heuchera_versicolor,-104.773368,32.10070519
Heuchera_versicolor,-104.361,32.284548
Heuchera_versicolor,-106.571831,32.32273728
Heuchera_versicolor,-106.554317,32.351993
Heuchera_versicolor,-110.755,32.4278
Heuchera_versicolor,-109.867,32.65
Heuchera_versicolor,-106.5360015,32.67605636
Heuchera_versicolor,-109.863,32.69
Heuchera_versicolor,-109.862,32.69
Heuchera_versicolor,-109.858,32.6917
Heuchera_versicolor,-109.861,32.6955
Heuchera_versicolor,-109.861,32.6955
Heuchera_versicolor,-109.97,32.71
Heuchera_versicolor,-108.2434388,32.78934028
Heuchera_versicolor,-110.188,32.8842
Heuchera_versicolor,-109.0163449,32.943652
Heuchera_versicolor,-107.945,33.204
Heuchera_versicolor,-110.821,33.2822
Heuchera_versicolor,-110.821,33.2822
Heuchera_versicolor,-110.821,33.2822
Heuchera_versicolor,-110.834,33.29357
Heuchera_versicolor,-110.834,33.2936
Heuchera_versicolor,-110.854,33.3178
Heuchera_versicolor,-108.0793792,33.35048377
Heuchera_versicolor,-108.0793792,33.35048377
Heuchera_versicolor,-108.664673,33.373758
Heuchera_versicolor,-105.8094411,33.37427969
Heuchera_versicolor,-108.6898953,33.38124496
Heuchera_versicolor,-108.621498,33.40205461
Heuchera_versicolor,-108.6830257,33.40342155
Heuchera_versicolor,-110.786,33.4543
Heuchera_versicolor,-105.7368755,33.46098946
Heuchera_versicolor,-105.7686735,33.46404187
Heuchera_versicolor,-111.33,33.68
Heuchera_versicolor,-111.313,33.692
Heuchera_versicolor,-111.237,33.7551
Heuchera_versicolor,-109.36,33.77
Heuchera_versicolor,-110.904,33.8048
Heuchera_versicolor,-110.91,33.814
Heuchera_versicolor,-110.930608,33.81801
Heuchera_versicolor,-110.939,33.8191
Heuchera_versicolor,-109.0192797,33.82660903
Heuchera_versicolor,-110.921,33.8336
Heuchera_versicolor,-110.904,33.8482
Heuchera_versicolor,-110.921,33.8627
Heuchera_versicolor,-111.039,33.8775
Heuchera_versicolor,-109.553,33.9017
Heuchera_versicolor,-109.563,33.9059
Heuchera_versicolor,-109.563,33.9059
Heuchera_versicolor,-109.563,33.9059
Heuchera_versicolor,-109.143,33.9206
Heuchera_versicolor,-109.492808,33.966316
Heuchera_versicolor,-109.492808,33.966316
Heuchera_versicolor,-109.492808,33.966316
Heuchera_versicolor,-107.1596363,33.97908131
Heuchera_versicolor,-107.1596363,33.97908131
Heuchera_versicolor,-111.45,34.09
Heuchera_versicolor,-111.389346,34.115277
Heuchera_versicolor,-112.317,34.1536
Heuchera_versicolor,-112.661,34.1649
Heuchera_versicolor,-112.661,34.2506
Heuchera_versicolor,-112.6,34.3
Heuchera_versicolor,-111.015895,34.315452
Heuchera_versicolor,-111.023426,34.365686
Heuchera_versicolor,-107.0843566,34.43435046
Heuchera_versicolor,-107.0843566,34.43435046
Heuchera_versicolor,-111.2836,34.4409
Heuchera_versicolor,-111.69441,34.46508
Heuchera_versicolor,-111.694406,34.466851
Heuchera_versicolor,-111.694406,34.466851
Heuchera_versicolor,-111.272876,34.4898
Heuchera_versicolor,-111.272876,34.49157
Heuchera_versicolor,-111.163333,34.547556
Heuchera_versicolor,-111.163617,34.550833
Heuchera_versicolor,-112.12694,34.69389
Heuchera_versicolor,-112.127,34.6939
Heuchera_versicolor,-112.15,34.7
Heuchera_versicolor,-112.18045,34.74789
Heuchera_versicolor,-113.345,34.7989
Heuchera_versicolor,-113.3,34.8
Heuchera_versicolor,-112.9415,34.84975
Heuchera_versicolor,-112.941,34.8498
Heuchera_versicolor,-112.885,34.948
Heuchera_versicolor,-112.88523,34.94801
Heuchera_versicolor,-113.912,34.9681
Heuchera_versicolor,-111.77357,34.99087
Heuchera_versicolor,-111.769291,34.991657
Heuchera_versicolor,-111.75,34.992
Heuchera_versicolor,-111.66667,35.00028
Heuchera_versicolor,-111.768,35.0009
Heuchera_versicolor,-111.7697,35.0032
Heuchera_versicolor,-111.7697,35.0032
Heuchera_versicolor,-111.7697,35.0032
Heuchera_versicolor,-111.7697,35.0032
Heuchera_versicolor,-111.7697,35.0032
Heuchera_versicolor,-111.73467,35.004369
Heuchera_versicolor,-111.7562,35.00627
Heuchera_versicolor,-111.809,35.0203
Heuchera_versicolor,-111.837778,35.021944
Heuchera_versicolor,-111.837778,35.021944
Heuchera_versicolor,-111.828,35.022
Heuchera_versicolor,-111.825833,35.041111
Heuchera_versicolor,-111.825833,35.041111
Heuchera_versicolor,-112.57466,35.0554
Heuchera_versicolor,-113.889,35.056
Heuchera_versicolor,-111.54,35.07
Heuchera_versicolor,-113.889,35.0872
Heuchera_versicolor,-113.889,35.0872
Heuchera_versicolor,-113.897222,35.088889
Heuchera_versicolor,-111.9922,35.145
Heuchera_versicolor,-111.50444,35.16667
Heuchera_versicolor,-113.774,35.1794
Heuchera_versicolor,-111.651,35.1981
Heuchera_versicolor,-112.204,35.1994
Heuchera_versicolor,-112.20417,35.19944
Heuchera_versicolor,-112.208453,35.200095
Heuchera_versicolor,-112.208453,35.200095
Heuchera_versicolor,-112.208453,35.200095
Heuchera_versicolor,-111.423,35.2019
Heuchera_versicolor,-111.4225,35.20194
Heuchera_versicolor,-111.6221,35.2593
Heuchera_versicolor,-111.621,35.261
Heuchera_versicolor,-111.657,35.2612
Heuchera_versicolor,-111.65056,35.270589
Heuchera_versicolor,-111.5867,35.2738
Heuchera_versicolor,-111.633,35.2856
Heuchera_versicolor,-111.6752,35.3175
Heuchera_versicolor,-111.677,35.3258
Heuchera_versicolor,-111.68,35.33
Heuchera_versicolor,-111.68,35.33
Heuchera_versicolor,-111.681472,35.332944
Heuchera_versicolor,-111.682,35.3375
Heuchera_versicolor,-111.683,35.3408
Heuchera_versicolor,-111.6825,35.34083
Heuchera_versicolor,-111.652,35.3419
Heuchera_versicolor,-111.67847,35.3458
Heuchera_versicolor,-111.676712,35.3469155
Heuchera_versicolor,-111.667,35.35
Heuchera_versicolor,-111.838841,35.35177
Heuchera_versicolor,-111.462279,35.35177
Heuchera_versicolor,-111.521944,35.377778
Heuchera_versicolor,-114.13826,35.39778
Heuchera_versicolor,-111.85,35.40806
Heuchera_versicolor,-113.49239,35.95949
Heuchera_versicolor,-113.492386,35.961296
Heuchera_versicolor,-112.13889,36.05556
Heuchera_versicolor,-109.17324,36.14768
Heuchera_versicolor,-111.91627,36.14834
Heuchera_versicolor,-112.01839,36.22919
Heuchera_versicolor,-112.018387,36.231004
Heuchera_versicolor,-113.843,36.2467
Heuchera_versicolor,-113.48951,36.25809
Heuchera_versicolor,-113.557626,36.370509
Heuchera_versicolor,-112.089,36.4089
Heuchera_versicolor,-113.62,36.4624
Heuchera_versicolor,-110.478,36.712
Heuchera_versicolor,-112.975,36.9903
Heuchera_versicolor,-110.843663,37.056035
Heuchera_versicolor,-110.843664,37.05787
Heuchera_versicolor,-113.565,37.1047
Heuchera_versicolor,-113.158072,37.50666
Heuchera_versicolor,-113.158072,37.50666