Heuchera_wootonii,-105.809432,33.374246
Heuchera_wootonii,-105.811377,33.390635
Heuchera_wootonii,-105.2148,33.6108
Heuchera_wootonii,-105.7354,33.4974
Heuchera_wootonii,-105.633037,33.39078
Heuchera_wootonii,-105.820301,33.392852
Heuchera_wootonii,-105.2148,33.6108
Heuchera_wootonii,-105.809432,33.374246
Heuchera_wootonii,-105.478066,33.433675
Heuchera_wootonii,-105.673041,33.331749
Heuchera_wootonii,-105.853331,33.406705
Heuchera_wootonii,-105.735952,33.455435
Heuchera_wootonii,-105.363596,33.60675
Heuchera_wootonii,-105.771411,33.403412
Heuchera_wootonii,-105.845388,33.409856
Heuchera_wootonii,-105.722531,33.398685
Heuchera_wootonii,-105.734641,33.398739
Heuchera_wootonii,-105.51133,33.61358
Heuchera_wootonii,-105.2463,33.6126
Heuchera_wootonii,-105.77,33.46
Heuchera_wootonii,-105.7,33.4
Heuchera_wootonii,-105.77,33.46
Heuchera_wootonii,-105.85656,33.41133
Heuchera_wootonii,-105.74,32.95
Heuchera_wootonii,-105.68,33.35
