Mitella_breweri,-118.4461,36.3362
Mitella_breweri,-118.6536243,36.37386283
Mitella_breweri,-118.6536743,36.37390283
Mitella_breweri,-118.7472486,36.55877772
Mitella_breweri,-118.7503087,36.56238762
Mitella_breweri,-118.7503087,36.56238762
Mitella_breweri,-118.7681692,36.56765736
Mitella_breweri,-118.875,36.66667
Mitella_breweri,-118.875,36.66667
Mitella_breweri,-118.88333,36.71667
Mitella_breweri,-118.88333,36.71667
Mitella_breweri,-118.7416,36.71744
Mitella_breweri,-118.4031628,36.75703562
Mitella_breweri,-118.3907126,36.75904567
Mitella_breweri,-118.491,36.7733
Mitella_breweri,-118.491,36.7733
Mitella_breweri,-118.88611,36.95111
Mitella_breweri,-118.88611,36.95111
Mitella_breweri,-118.88611,36.95111
Mitella_breweri,-119.04111,37.02194
Mitella_breweri,-119.04111,37.02194
Mitella_breweri,-118.95917,37.07694
Mitella_breweri,-118.848,37.1518
Mitella_breweri,-119.07611,37.15778
Mitella_breweri,-119.07611,37.15778
Mitella_breweri,-118.5587612,37.16194518
Mitella_breweri,-119.1303,37.1999
Mitella_breweri,-119.235,37.23167
Mitella_breweri,-119.1992971,37.24017858
Mitella_breweri,-119.1992971,37.24017858
Mitella_breweri,-119.1992571,37.24022858
Mitella_breweri,-119.4261525,37.24709669
Mitella_breweri,-119.1616663,37.2475387
Mitella_breweri,-118.7786,37.2664
Mitella_breweri,-118.95229,37.3774
Mitella_breweri,-119.46667,37.48333
Mitella_breweri,-118.88333,37.55
Mitella_breweri,-118.9766,37.58
Mitella_breweri,-118.9927,37.5884
Mitella_breweri,-118.9907,37.59
Mitella_breweri,-118.98861,37.59181
Mitella_breweri,-119.003,37.6027
Mitella_breweri,-119.0119,37.6028
Mitella_breweri,-119.01167,37.605
Mitella_breweri,-119.00889,37.60528
Mitella_breweri,-119.0086,37.618
Mitella_breweri,-118.99694,37.62722
Mitella_breweri,-118.99689,37.62733
Mitella_breweri,-119.0872592,37.62975081
Mitella_breweri,-119.1605012,37.65138978
Mitella_breweri,-119.11611,37.69389
Mitella_breweri,-119.1332,37.6958
Mitella_breweri,-119.059,37.6989
Mitella_breweri,-119.0694,37.704
Mitella_breweri,-119.13333,37.71667
Mitella_breweri,-119.5745118,37.72856492
Mitella_breweri,-119.5738,37.7287
Mitella_breweri,-119.5907124,37.74486444
Mitella_breweri,-119.16667,37.75
Mitella_breweri,-119.4652,37.7585
Mitella_breweri,-119.5977,37.7591
Mitella_breweri,-119.26271,37.79584
Mitella_breweri,-119.3379572,37.80625507
Mitella_breweri,-119.4600104,37.83138359
Mitella_breweri,-119.51053,37.84692
Mitella_breweri,-119.51053,37.84692
Mitella_breweri,-119.573,37.8515
Mitella_breweri,-119.37667,37.87722
Mitella_breweri,-119.3461083,37.8815634
Mitella_breweri,-119.3461083,37.8815634
Mitella_breweri,-119.6518,37.9009
Mitella_breweri,-119.2385,37.9166
Mitella_breweri,-119.24402,37.91922
Mitella_breweri,-119.22722,37.95444
Mitella_breweri,-119.3553,38.0461
Mitella_breweri,-119.34298,38.0621
Mitella_breweri,-119.34298,38.0621
Mitella_breweri,-119.34299,38.0621
Mitella_breweri,-119.4387,38.1398
Mitella_breweri,-119.4387,38.1398
Mitella_breweri,-119.7976,38.2709
Mitella_breweri,-119.9030294,38.51684584
Mitella_breweri,-119.8118076,38.54438601
Mitella_breweri,-119.9988338,38.67863183
Mitella_breweri,-119.99045,38.69353
Mitella_breweri,-120.03719,38.74152
Mitella_breweri,-120.02917,38.81306
Mitella_breweri,-120.02917,38.81306
Mitella_breweri,-120.0330663,38.81408888
Mitella_breweri,-120.0437566,38.8187787
Mitella_breweri,-120.0511969,38.82181858
Mitella_breweri,-120.04056,38.83389
Mitella_breweri,-120.0741577,38.84467795
Mitella_breweri,-120.44781,38.84682
Mitella_breweri,-120.2072609,38.8489168
Mitella_breweri,-120.07194,38.85694
Mitella_breweri,-120.02369,38.86136
Mitella_breweri,-120.02722,38.86472
Mitella_breweri,-120.02722,38.86472
Mitella_breweri,-120.02722,38.86861
Mitella_breweri,-120.02722,38.86861
Mitella_breweri,-120.0640578,38.87235749
Mitella_breweri,-120.09517,38.87721
Mitella_breweri,-120.20792,38.89103
Mitella_breweri,-120.0627382,38.90175692
Mitella_breweri,-120.18703,38.90779
Mitella_breweri,-120.14807,38.9299
Mitella_breweri,-120.3051444,38.94389416
Mitella_breweri,-120.1200101,38.94397564
Mitella_breweri,-120.13612,39.04947
Mitella_breweri,-120.13612,39.04947
Mitella_breweri,-120.1924,39.0515
Mitella_breweri,-120.1924,39.0515
Mitella_breweri,-120.1695,39.0833
Mitella_breweri,-120.2418,39.0842
Mitella_breweri,-120.25,39.13333
Mitella_breweri,-120.2155,39.1821
Mitella_breweri,-120.3572,39.2511
Mitella_breweri,-120.3572,39.2511
Mitella_breweri,-120.29983,39.2923
Mitella_breweri,-120.33833,39.29389
Mitella_breweri,-120.32253,39.30691
Mitella_breweri,-120.34972,39.30722
Mitella_breweri,-120.3166497,39.31712693
Mitella_breweri,-120.26528,39.3225
Mitella_breweri,-120.3787,39.3225
Mitella_breweri,-120.35015,39.34467
Mitella_breweri,-120.33356,39.35138
Mitella_breweri,-120.33356,39.35138
Mitella_breweri,-120.6715587,39.3673231
Mitella_breweri,-120.66972,39.37
Mitella_breweri,-120.65,39.38333
Mitella_breweri,-120.65,39.38333
Mitella_breweri,-120.60048,39.41071
Mitella_breweri,-120.2412,39.4321
Mitella_breweri,-120.2412,39.4321
Mitella_breweri,-120.65028,39.43444
Mitella_breweri,-120.28203,39.43449
Mitella_breweri,-120.6372,39.454
Mitella_breweri,-123.06186,39.49905
Mitella_breweri,-120.46722,39.50139
Mitella_breweri,-120.47722,39.50417
Mitella_breweri,-120.66472,39.5375
Mitella_breweri,-120.6715611,39.54081988
Mitella_breweri,-120.6383624,39.69031743
Mitella_breweri,-120.66472,39.69694
Mitella_breweri,-120.8420678,39.73501494
Mitella_breweri,-120.8420678,39.73501494
Mitella_breweri,-120.85333,39.73583
Mitella_breweri,-120.83333,39.74722
Mitella_breweri,-120.8234676,39.74951483
Mitella_breweri,-120.97167,39.75056
Mitella_breweri,-120.97153,39.75064
Mitella_breweri,-120.8951495,39.763034
Mitella_breweri,-120.83556,39.76333
Mitella_breweri,-120.89444,39.77111
Mitella_breweri,-120.88556,39.77389
Mitella_breweri,-121.19889,39.83583
Mitella_breweri,-120.81167,39.8525
Mitella_breweri,-121.23306,39.85806
Mitella_breweri,-121.2328788,39.86500936
Mitella_breweri,-121.22028,39.87556
Mitella_breweri,-121.25667,39.88889
Mitella_breweri,-121.22111,39.8975
Mitella_breweri,-121.47833,39.95194
Mitella_breweri,-121.46972,39.98889
Mitella_breweri,-121.45806,39.99333
Mitella_breweri,-121.4188855,40.02380499
Mitella_breweri,-121.42667,40.02472
Mitella_breweri,-123.3495,42.0546
Mitella_breweri,-123.37,42.085
Mitella_breweri,-123.3748,42.085
Mitella_breweri,-122.36694,42.30666
Mitella_breweri,-122.295,42.4394
Mitella_breweri,-122.1881,42.5203
Mitella_breweri,-122.2178,42.6566
Mitella_breweri,-122.1328,42.8997
Mitella_breweri,-122.3377,42.9657
Mitella_breweri,-122.3985,42.9875
Mitella_breweri,-122.4715,43.1647
Mitella_breweri,-122.7061,43.1914
Mitella_breweri,-122.5533,43.4125
Mitella_breweri,-119.3052,43.501
Mitella_breweri,-115.8,43.8
Mitella_breweri,-121.6842,44.03
Mitella_breweri,-121.8269,44.0408
Mitella_breweri,-121.8054,44.0547
Mitella_breweri,-122.0867,44.1161
Mitella_breweri,-122.0867,44.1161
Mitella_breweri,-121.8912,44.1207
Mitella_breweri,-122.1112,44.1209
Mitella_breweri,-122.1112,44.1209
Mitella_breweri,-122.091,44.1209
Mitella_breweri,-121.7937,44.1663
Mitella_breweri,-121.8173,44.1751
Mitella_breweri,-124.0325,44.19972
Mitella_breweri,-121.8319,44.2111
Mitella_breweri,-121.9596,44.2209
Mitella_breweri,-121.7853,44.2556
Mitella_breweri,-122.138,44.2618
Mitella_breweri,-121.9188,44.3237
Mitella_breweri,-122.1369,44.3953
Mitella_breweri,-122.1369,44.3953
Mitella_breweri,-122.4163,44.3974
Mitella_breweri,-122.1349,44.399
Mitella_breweri,-122.5833,44.4997
Mitella_breweri,-116.04166,44.51638
Mitella_breweri,-116.04166,44.51638
Mitella_breweri,-121.9472,44.6192
Mitella_breweri,-121.7872,44.6738
Mitella_breweri,-121.8041,44.7125
Mitella_breweri,-121.7967,44.7635
Mitella_breweri,-116.02556,45.15455
Mitella_breweri,-121.6161,45.3442
Mitella_breweri,-121.6525,45.405
Mitella_breweri,-121.668,45.4537
Mitella_breweri,-121.668,45.4537
Mitella_breweri,-121.8214,45.49
Mitella_breweri,-114.88085,45.64793
Mitella_breweri,-122.66028,45.75472
Mitella_breweri,-121.65012,46.09327
Mitella_breweri,-122.18333,46.24583
Mitella_breweri,-121.76777,46.76638
Mitella_breweri,-121.7154,46.76987
Mitella_breweri,-121.74528,46.77528
Mitella_breweri,-121.70281,46.80203
Mitella_breweri,-121.76092,46.85163
Mitella_breweri,-121.76092,46.85163
Mitella_breweri,-121.76092,46.85163
Mitella_breweri,-121.58125,46.8659
Mitella_breweri,-121.5158,46.87175
Mitella_breweri,-121.50833,46.87306
Mitella_breweri,-121.75306,46.91361
Mitella_breweri,-121.82444,46.91556
Mitella_breweri,-120.94306,46.96611
Mitella_breweri,-115.9441,47.01042
Mitella_breweri,-121.06326,47.07017
Mitella_breweri,-120.57672,47.32405
Mitella_breweri,-121.62573,47.39124
Mitella_breweri,-115.31218,47.44351
Mitella_breweri,-121.86538,47.47242
Mitella_breweri,-123.74556,47.48889
Mitella_breweri,-123.74556,47.48889
Mitella_breweri,-115.78702,47.52028
Mitella_breweri,-115.10851,47.55826
Mitella_breweri,-123.42528,47.56
Mitella_breweri,-121.42556,47.61028
Mitella_breweri,-123.39389,47.6675
Mitella_breweri,-123.12014,47.77561
Mitella_breweri,-120.96105,47.7894
Mitella_breweri,-123.70896,47.80167
Mitella_breweri,-121.07166,47.80285
Mitella_breweri,-123.72227,47.88151
Mitella_breweri,-123.78472,47.89889
Mitella_breweri,-123.78472,47.89889
Mitella_breweri,-123.40833,47.93333
Mitella_breweri,-123.41224,47.93852
Mitella_breweri,-121.35417,47.97639
Mitella_breweri,-123.46784,47.99538
Mitella_breweri,-121.50746,48.0651
Mitella_breweri,-121.47068,48.06829
Mitella_breweri,-120.73758,48.10554
Mitella_breweri,-121.37278,48.14306
Mitella_breweri,-124.675,48.26667
Mitella_breweri,-121.04825,48.46173
Mitella_breweri,-121.06598,48.50057
Mitella_breweri,-120.82092,48.57427
Mitella_breweri,-116.70799,48.61326
Mitella_breweri,-121.71167,48.86639
Mitella_breweri,-121.50315,48.89827
Mitella_breweri,-121.46262,48.90853
Mitella_breweri,-120.2055,48.92899
Mitella_breweri,-121.64389,48.95222
Mitella_breweri,-117.33854,48.96652
Mitella_breweri,-114.026,49.0077
Mitella_breweri,-117.03667,49.01
Mitella_breweri,-117.03667,49.01
Mitella_breweri,-117.03667,49.01
Mitella_breweri,-117.03667,49.01
Mitella_breweri,-114.05,49.01667
Mitella_breweri,-114.013,49.0202
Mitella_breweri,-113.91667,49.03333
Mitella_breweri,-113.91667,49.03333
Mitella_breweri,-121.85,49.03333
Mitella_breweri,-124.33333,49.06667
Mitella_breweri,-114.08333,49.06667
Mitella_breweri,-114.15,49.13333
Mitella_breweri,-114.15,49.13333
Mitella_breweri,-114.1,49.15
Mitella_breweri,-120.35,49.16667
Mitella_breweri,-121.65,49.16667
Mitella_breweri,-123.15,49.25
Mitella_breweri,-123.15,49.25
Mitella_breweri,-123.25081,49.25408
Mitella_breweri,-120.56667,49.36667
Mitella_breweri,-123.06667,49.38333
Mitella_breweri,-117.3,49.41667
Mitella_breweri,-117.3,49.41667
Mitella_breweri,-121.16667,49.5
Mitella_breweri,-121.16667,49.5
Mitella_breweri,-120.9,49.53333
Mitella_breweri,-116.58333,49.76667
Mitella_breweri,-116.58333,49.76667
Mitella_breweri,-114.6454,49.76938
Mitella_breweri,-123.01667,49.81667
Mitella_breweri,-122.96768,49.9330417
Mitella_breweri,-123.03333,49.93333
Mitella_breweri,-121.9343126,49.94972213
Mitella_breweri,-121.21667,49.95
Mitella_breweri,-122.06667,49.95
Mitella_breweri,-117.16667,49.98333
Mitella_breweri,-117.16667,49.98333
Mitella_breweri,-122.86667,50.08333
Mitella_breweri,-122.86667,50.08333
Mitella_breweri,-118.33333,50.45
Mitella_breweri,-118.33333,50.45
Mitella_breweri,-122.93333,50.53333
Mitella_breweri,-122.93333,50.53333
Mitella_breweri,-118.86667,50.75
Mitella_breweri,-118.86667,50.75
Mitella_breweri,-118.2,50.98333
Mitella_breweri,-118.2,50.98333
Mitella_breweri,-118.13333,51.05
Mitella_breweri,-118.13333,51.05
Mitella_breweri,-118.13333,51.05
Mitella_breweri,-118.13333,51.05
Mitella_breweri,-118.13333,51.05
Mitella_breweri,-118.13333,51.05
Mitella_breweri,-118.13333,51.05
Mitella_breweri,-118.13333,51.05
Mitella_breweri,-117.51667,51.3
Mitella_breweri,-117.51667,51.3
Mitella_breweri,-117.41667,51.33333
Mitella_breweri,-117.41667,51.33333
Mitella_breweri,-119.9325,51.7775
Mitella_breweri,-119.86667,51.8
Mitella_breweri,-119.86667,51.8
Mitella_breweri,-119.88333,51.91667
Mitella_breweri,-119.88333,51.91667
Mitella_breweri,-119.88333,51.96667