Mitella_pentandra,-145.7,60.56
Mitella_pentandra,-133.5,56.25
Mitella_pentandra,-111.6378,40.5886
Mitella_pentandra,-140.8028752,60.11675866
Mitella_pentandra,-119.74667,38.31333
Mitella_pentandra,-121.12528,39.59361
Mitella_pentandra,-123.65131,41.89203
Mitella_pentandra,-121.7625,45.94167
Mitella_pentandra,-123.77056,47.91556
Mitella_pentandra,-132.05,52.91667
Mitella_pentandra,-123.18333,49.38333
Mitella_pentandra,-117.28333,49.46667
Mitella_pentandra,-119.5,50.5
Mitella_pentandra,-120.71667,49.06667
Mitella_pentandra,-127.4,55.08333
Mitella_pentandra,-121.742,45.3009
Mitella_pentandra,-118.257,44.7876
Mitella_pentandra,-120.2336,42.0595
Mitella_pentandra,-115.7887,51.1372
Mitella_pentandra,-126.417,56.55
Mitella_pentandra,-133.56,55.71
Mitella_pentandra,-131.91,56.05
Mitella_pentandra,-114.96667,49.66667
Mitella_pentandra,-122.68333,55.98333
Mitella_pentandra,-116.16667,51.33333
Mitella_pentandra,-120.5,49.45
Mitella_pentandra,-127.4,55.08333
Mitella_pentandra,-132.05,52.91667
Mitella_pentandra,-132.11,56.73
Mitella_pentandra,-111.1,40.49
Mitella_pentandra,-111.25,39.49
Mitella_pentandra,-121.71639,41.03583
Mitella_pentandra,-107.13324,38.86515
Mitella_pentandra,-127.5,54.11667
Mitella_pentandra,-123.68694,47.97639
Mitella_pentandra,-119.98418,48.66383
Mitella_pentandra,-120.05,54.33333
Mitella_pentandra,-120.11667,49.1
Mitella_pentandra,-122.95,49.36667
Mitella_pentandra,-116.68333,51.26667
Mitella_pentandra,-122.8,49.85
Mitella_pentandra,-152.27092,57.4942
Mitella_pentandra,-134.5064,58.8006
Mitella_pentandra,-121.67594,48.87648
Mitella_pentandra,-117.3625,45.2441
Mitella_pentandra,-121.9636,43.5492
Mitella_pentandra,-117.2991,45.1876
Mitella_pentandra,-110.97,40.68
Mitella_pentandra,-111.28,43.13
Mitella_pentandra,-145.75,61.13
Mitella_pentandra,-151.05,62.66
Mitella_pentandra,-133.56,55.71
Mitella_pentandra,-135.0591,56.8908
Mitella_pentandra,-151.36,62.49
Mitella_pentandra,-134.4,58.3
Mitella_pentandra,-135.1,59.61
Mitella_pentandra,-105.8917,40.5205
Mitella_pentandra,-121.4658578,40.11238305
Mitella_pentandra,-119.7165714,38.23276313
Mitella_pentandra,-121.53417,47.29615
Mitella_pentandra,-135.18472,59.52639
Mitella_pentandra,-114.03333,49.13333
Mitella_pentandra,-114.0007388,48.99979254
Mitella_pentandra,-122.8,49.85
Mitella_pentandra,-114.05,49.61667
Mitella_pentandra,-121.66667,54.06667
Mitella_pentandra,-127.38333,54.55
Mitella_pentandra,-132.86667,53.96667
Mitella_pentandra,-119.17417,37.05472
Mitella_pentandra,-121.8433,44.2468
Mitella_pentandra,-122.1064,42.942
Mitella_pentandra,-112.63,42.11
Mitella_pentandra,-152.53,58.11
Mitella_pentandra,-143.09,60.25
Mitella_pentandra,-133.16,55.08
Mitella_pentandra,-121.39306,40.06583
Mitella_pentandra,-122.9661043,40.21422842
Mitella_pentandra,-122.9525,41.30722
Mitella_pentandra,-121.4658578,40.11238305
Mitella_pentandra,-120.238,41.3606
Mitella_pentandra,-105.6936,40.0186
Mitella_pentandra,-121.05949,47.50715
Mitella_pentandra,-118.47444,48.71861
Mitella_pentandra,-121.6225,47.30444
Mitella_pentandra,-114.95333,43.905
Mitella_pentandra,-120.55833,47.24361
Mitella_pentandra,-121.39278,47.98583
Mitella_pentandra,-117.10806,48.96611
Mitella_pentandra,-123.75,51.16667
Mitella_pentandra,-119.86667,51.8
Mitella_pentandra,-123.03333,49.76667
Mitella_pentandra,-116.16667,51.33333
Mitella_pentandra,-125.6,49.6
Mitella_pentandra,-121.56667,50.23333
Mitella_pentandra,-118.2864,44.824
Mitella_pentandra,-121.8433,44.2468
Mitella_pentandra,-120.8907,42.4958
Mitella_pentandra,-118.1086,44.8225
Mitella_pentandra,-121.8109,44.6674
Mitella_pentandra,-117.3749,45.2505
Mitella_pentandra,-121.75167,49.02028
Mitella_pentandra,-122.96667,51.18333
Mitella_pentandra,-119.5,50.5
Mitella_pentandra,-111.6378,40.5886
Mitella_pentandra,-122.83361,39.70889
Mitella_pentandra,-122.8518245,39.72527817
Mitella_pentandra,-121.4286025,40.4978568
Mitella_pentandra,-149.3,61.83
Mitella_pentandra,-151.3,62.5
Mitella_pentandra,-105.58967,40.19225
Mitella_pentandra,-106.4927,37.0746
Mitella_pentandra,-105.5818,40.5743
Mitella_pentandra,-106.6676,37.4099
Mitella_pentandra,-149.06667,60.95
Mitella_pentandra,-152.69611,58.41306
Mitella_pentandra,-151.32,62.55
Mitella_pentandra,-126.33333,50.3
Mitella_pentandra,-122.46667,50.35
Mitella_pentandra,-127.5,54.11667
Mitella_pentandra,-121.75167,49.02028
Mitella_pentandra,-117.8,49.08333
Mitella_pentandra,-122.9,49.81667
Mitella_pentandra,-121.82417,47.52889
Mitella_pentandra,-115.75094,44.07163
Mitella_pentandra,-118.2011,44.7458
Mitella_pentandra,-117.001,45.6149
Mitella_pentandra,-117.0328,45.1013
Mitella_pentandra,-109.91,40.51
Mitella_pentandra,-145.75,61.13
Mitella_pentandra,-152.559,58.338
Mitella_pentandra,-149.3,61.76
Mitella_pentandra,-133.56,55.71
Mitella_pentandra,-119.236988,37.23613838
Mitella_pentandra,-123.5326442,41.93027623
Mitella_pentandra,-123.4044,41.4981
Mitella_pentandra,-121.7649431,40.67430102
Mitella_pentandra,-122.1495832,41.40602621
Mitella_pentandra,-120.67333,40.31778
Mitella_pentandra,-120.2418495,39.4317654
Mitella_pentandra,-122.95,50.05
Mitella_pentandra,-115.95,49.8
Mitella_pentandra,-114.5,49.13333
Mitella_pentandra,-123.75,51.16667
Mitella_pentandra,-120.67645,48.71075
Mitella_pentandra,-113.41832,44.68026
Mitella_pentandra,-114.37649,49.21414
Mitella_pentandra,-114.66667,50.16667
Mitella_pentandra,-119.3052,43.501
Mitella_pentandra,-117.4237,45.3712
Mitella_pentandra,-126.75,57.667
Mitella_pentandra,-122.9343396,49.94971207
Mitella_pentandra,-112.45,38.23
Mitella_pentandra,-121.46639,40.42556
Mitella_pentandra,-123.1928603,41.56120465
Mitella_pentandra,-120.2412,39.4321
Mitella_pentandra,-149.55,61.2
Mitella_pentandra,-134.275,58.28167
Mitella_pentandra,-151.05,62.66
Mitella_pentandra,-109.3004,43.8735
Mitella_pentandra,-152.72833,58.44028
Mitella_pentandra,-152.67793,58.35362
Mitella_pentandra,-135.11,59.28
Mitella_pentandra,-134.66,58.16
Mitella_pentandra,-151.33,59.55
Mitella_pentandra,-135.18,59.52
Mitella_pentandra,-106.5835,37.1846
Mitella_pentandra,-105.8903,40.5225
Mitella_pentandra,-126.33333,50.3
Mitella_pentandra,-122.96667,51.18333
Mitella_pentandra,-126.83333,54.71667
Mitella_pentandra,-125.31667,49.68333
Mitella_pentandra,-133.75,59.41667
Mitella_pentandra,-121.39278,47.98583
Mitella_pentandra,-119.85661,48.61103
Mitella_pentandra,-122.44306,47.25306
Mitella_pentandra,-120.32806,48.80806
Mitella_pentandra,-120.94306,46.96611
Mitella_pentandra,-114.945,44.21139
Mitella_pentandra,-121.4908,46.20255
Mitella_pentandra,-120.31861,41.65333
Mitella_pentandra,-120.2931,41.2753
Mitella_pentandra,-121.7919,45.2972
Mitella_pentandra,-121.7458,44.5596
Mitella_pentandra,-121.785,45.2561
Mitella_pentandra,-125.25,52.75
Mitella_pentandra,-120.88333,49.06667
Mitella_pentandra,-129.583,61.383
Mitella_pentandra,-112.37,38.33
Mitella_pentandra,-110.69,40.73
Mitella_pentandra,-119.7976,38.2709
Mitella_pentandra,-123.2217086,41.41529659
Mitella_pentandra,-120.2412,39.4321
Mitella_pentandra,-121.44556,39.97167
Mitella_pentandra,-105.5122,40.1369
Mitella_pentandra,-107.0268,38.9055
Mitella_pentandra,-108.1226,37.8284
Mitella_pentandra,-107.2540315,41.40745609
Mitella_pentandra,-123.03333,49.76667
Mitella_pentandra,-120.58333,50.9
Mitella_pentandra,-117.28333,49.5
Mitella_pentandra,-122.9,49.81667
Mitella_pentandra,-135.0591,56.8908
Mitella_pentandra,-130.13,55.91
Mitella_pentandra,-151.3,62.5
Mitella_pentandra,-135.1,59.61
Mitella_pentandra,-121.82656,44.49509
Mitella_pentandra,-117.41483,45.28817
Mitella_pentandra,-123.74628,47.48852
Mitella_pentandra,-120.87851,47.49696
Mitella_pentandra,-121.68111,48.86361
Mitella_pentandra,-118.69313,44.29628
Mitella_pentandra,-123.01667,49.81667
Mitella_pentandra,-121.5,55.25
Mitella_pentandra,-119.06667,50.36667
Mitella_pentandra,-119.93333,52.18333
Mitella_pentandra,-126.86667,54.8
Mitella_pentandra,-121.9308,44.2039
Mitella_pentandra,-121.2547,43.7203
Mitella_pentandra,-122.0867,44.1161
Mitella_pentandra,-143.8917877,60.44001704
Mitella_pentandra,-150.13,62.84
Mitella_pentandra,-130.58,55.53
Mitella_pentandra,-151.32,62.55
Mitella_pentandra,-119.89,39.17
Mitella_pentandra,-110.42,40.64
Mitella_pentandra,-122.98722,41.32083
Mitella_pentandra,-120.20028,41.96639
Mitella_pentandra,-121.56139,40.35389
Mitella_pentandra,-121.4658578,40.11238305
Mitella_pentandra,-105.5835,39.9147
Mitella_pentandra,-108.0293,38.2701
Mitella_pentandra,-122.2536,43.5394
Mitella_pentandra,-121.7487,44.0577
Mitella_pentandra,-121.56667,50.36667
Mitella_pentandra,-134.5,58.61
Mitella_pentandra,-152.5,58.15
Mitella_pentandra,-119.75806,48.31972
Mitella_pentandra,-117.8,49.08333
Mitella_pentandra,-121.56667,50.36667
Mitella_pentandra,-127.51667,50.5
Mitella_pentandra,-118.21667,50.95
Mitella_pentandra,-135.11,59.28
Mitella_pentandra,-149.83,60.49
Mitella_pentandra,-135.18,59.52
Mitella_pentandra,-118.7251086,36.59748697
Mitella_pentandra,-120.27722,41.90139
Mitella_pentandra,-121.15,40.53944
Mitella_pentandra,-105.9113,40.6419
Mitella_pentandra,-136.11,59.28
Mitella_pentandra,-149.83,60.49
Mitella_pentandra,-147.68,59.88
Mitella_pentandra,-118.5963,42.647
Mitella_pentandra,-122.3203,44.695
Mitella_pentandra,-119.95,53.91667
Mitella_pentandra,-121.05,50.05
Mitella_pentandra,-120.11667,49.1
Mitella_pentandra,-119.86667,51.8
Mitella_pentandra,-117.45,51.28333
Mitella_pentandra,-122.95,49.36667
Mitella_pentandra,-120.25682,48.01197
Mitella_pentandra,-121.79333,46.92417
Mitella_pentandra,-116.73472,48.60778
Mitella_pentandra,-121.7625,46.85083
Mitella_pentandra,-120.71614,47.42997
Mitella_pentandra,-114.46667,43.61667
Mitella_pentandra,-118.21667,50.95
Mitella_pentandra,-136.31,59.38
Mitella_pentandra,-139.9406761,59.98476921
Mitella_pentandra,-152.69611,58.41306
Mitella_pentandra,-152.67793,58.35362
Mitella_pentandra,-134.5,58.61
Mitella_pentandra,-150.8,62.51
Mitella_pentandra,-120.2464,41.7408
Mitella_pentandra,-122.4655873,41.18340683
Mitella_pentandra,-123.20944,41.56944
Mitella_pentandra,-121.28333,49.05
Mitella_pentandra,-127.38333,54.55
Mitella_pentandra,-119.042,53.4669
Mitella_pentandra,-126.75,57.667
Mitella_pentandra,-117.36332,46.11817
Mitella_pentandra,-121.14833,48.92
Mitella_pentandra,-121.06326,47.07017
Mitella_pentandra,-121.742,45.3009
Mitella_pentandra,-121.6984,44.0834
Mitella_pentandra,-126.86667,54.8
Mitella_pentandra,-132.86667,53.96667
Mitella_pentandra,-153.16556,57.58333
Mitella_pentandra,-120.30944,41.59722
Mitella_pentandra,-121.5667,39.65
Mitella_pentandra,-132.85,56.77
Mitella_pentandra,-106.0987,39.5417
Mitella_pentandra,-120.2605499,39.42974529
Mitella_pentandra,-122.2002036,41.35507653
Mitella_pentandra,-120.3209,41.6098
Mitella_pentandra,-119.17611,37.2525
Mitella_pentandra,-121.36417,40.04972
Mitella_pentandra,-121.83083,41.17944
Mitella_pentandra,-123.1928603,41.56120465
Mitella_pentandra,-117.3402,45.2311
Mitella_pentandra,-121.6161,45.3442
Mitella_pentandra,-117.3875,45.2319
Mitella_pentandra,-122.1381,42.8891
Mitella_pentandra,-122.0525,43.3997
Mitella_pentandra,-122.8,49.85
Mitella_pentandra,-119.36667,49.81667
Mitella_pentandra,-123.16667,49.38333
Mitella_pentandra,-117.3625,46.11778
Mitella_pentandra,-118.08889,44.77919
Mitella_pentandra,-118.80673,44.33177
Mitella_pentandra,-121.5,55.25
Mitella_pentandra,-123.53333,50.53333
Mitella_pentandra,-116.16667,51.33333
Mitella_pentandra,-120.2,52.4
Mitella_pentandra,-119.88333,51.96667
Mitella_pentandra,-119.93333,52.18333
Mitella_pentandra,-128.78333,56.2
Mitella_pentandra,-110.78,40.57
Mitella_pentandra,-112.38171,38.36988
Mitella_pentandra,-149.06667,60.95
Mitella_pentandra,-132.85,56.77
Mitella_pentandra,-106.38489,37.05579
Mitella_pentandra,-120.2181,41.8866
Mitella_pentandra,-119.34861,38.07288
Mitella_pentandra,-120.31861,41.65333
Mitella_pentandra,-105.5974,40.5777
Mitella_pentandra,-143.8917877,60.44001704
Mitella_pentandra,-140.8028752,60.11675866
Mitella_pentandra,-134.4,58.3
Mitella_pentandra,-120.05,54.33333
Mitella_pentandra,-119.5,50.5
Mitella_pentandra,-123.0009887,48.99971063
Mitella_pentandra,-120.58333,50.9
Mitella_pentandra,-123.16667,50.51667
Mitella_pentandra,-120.88333,49.06667
Mitella_pentandra,-115.96667,49.63333
Mitella_pentandra,-120.75563,48.50697
Mitella_pentandra,-123.46778,47.99684
Mitella_pentandra,-120.32716,48.76328
Mitella_pentandra,-115.92694,47.53207
Mitella_pentandra,-122.3793,43.5781
Mitella_pentandra,-117.2992,45.1734
Mitella_pentandra,-117.2741,45.0589
Mitella_pentandra,-122.0438,43.7467
Mitella_pentandra,-110.59,40.79
Mitella_pentandra,-152.72833,58.44028
Mitella_pentandra,-135.91,59.66
Mitella_pentandra,-106.62564,40.23571
Mitella_pentandra,-107.75963,37.97878
Mitella_pentandra,-115.27,41.79
Mitella_pentandra,-110.44,40.58
Mitella_pentandra,-124.6,49.21667
Mitella_pentandra,-127.51667,50.5
Mitella_pentandra,-119.5,50.5
Mitella_pentandra,-123.70896,47.80167
Mitella_pentandra,-115.70722,45.8766
Mitella_pentandra,-124.36667,55.66667
Mitella_pentandra,-120.7888,48.50944
Mitella_pentandra,-118.6026,44.5374
Mitella_pentandra,-120.8316,42.4773
Mitella_pentandra,-121.2799,43.7101
Mitella_pentandra,-122.0028,44.6476
Mitella_pentandra,-121.8428,44.1455
Mitella_pentandra,-122.1064,42.942
Mitella_pentandra,-118.085,45.7783
Mitella_pentandra,-121.8109,44.6674
Mitella_pentandra,-126.25,53.56667
Mitella_pentandra,-117.41667,51.33333
Mitella_pentandra,-118.3,50.93333
Mitella_pentandra,-135.36,57.98
Mitella_pentandra,-150.96,62.65
Mitella_pentandra,-133.5,56.25
Mitella_pentandra,-133.56,55.71
Mitella_pentandra,-132.11,56.73
Mitella_pentandra,-147.68,59.88
Mitella_pentandra,-109.65,40.85
Mitella_pentandra,-113.7,42.21
Mitella_pentandra,-118.7472486,36.55877772
Mitella_pentandra,-121.4658878,40.11240304
Mitella_pentandra,-105.5974,40.5777
Mitella_pentandra,-106.8145,37.1127
Mitella_pentandra,-107.012,44.17375
Mitella_pentandra,-117.2116,45.2748
Mitella_pentandra,-117.2728,45.2294
Mitella_pentandra,-120.7339,48.50418
Mitella_pentandra,-117.28333,49.5
Mitella_pentandra,-123.53333,50.53333
Mitella_pentandra,-116.16667,51.33333
Mitella_pentandra,-121.66667,54.06667
Mitella_pentandra,-123.933,57.333
Mitella_pentandra,-118.05,52.68333
Mitella_pentandra,-121.75167,49.02028
Mitella_pentandra,-123.5,50.5
Mitella_pentandra,-113.5007267,49.13312672
Mitella_pentandra,-135.36,57.98
Mitella_pentandra,-133.16,55.08
Mitella_pentandra,-135.16,59.61
Mitella_pentandra,-133.56,55.71
Mitella_pentandra,-107.07582,38.89821
Mitella_pentandra,-107.09907,38.84779
Mitella_pentandra,-115.27,41.79
Mitella_pentandra,-149.58,61.24
Mitella_pentandra,-149.55,61.2
Mitella_pentandra,-135.91,59.66
Mitella_pentandra,-135.18,59.52
Mitella_pentandra,-105.6616,39.9356
Mitella_pentandra,-105.9,39.875
Mitella_pentandra,-118.33333,51.75
Mitella_pentandra,-106.75165,41.0038
Mitella_pentandra,-123.16667,50.51667
Mitella_pentandra,-117.16667,49.96667
Mitella_pentandra,-136.53333,59.6
Mitella_pentandra,-120.94777,47.44703
Mitella_pentandra,-117.15,50.01667
Mitella_pentandra,-122.8,49.85
Mitella_pentandra,-118.2011,44.7458
Mitella_pentandra,-117.3525,44.9848
Mitella_pentandra,-117.4892,45.246
Mitella_pentandra,-122.2536,43.5394
Mitella_pentandra,-120.2464,41.7408
Mitella_pentandra,-120.2181,41.8866
Mitella_pentandra,-120.2089,41.9767
Mitella_pentandra,-121.4658878,40.11240304
Mitella_pentandra,-119.34862,38.07288
Mitella_pentandra,-121.46444,40.11278
Mitella_pentandra,-121.4658878,40.11240304
Mitella_pentandra,-106.62874,40.70464
Mitella_pentandra,-105.90106,40.4781
Mitella_pentandra,-121.8694,44.2031
Mitella_pentandra,-122.7173,42.0865
Mitella_pentandra,-121.2739,43.7133
Mitella_pentandra,-136.11,59.28
Mitella_pentandra,-134.53,58.42
Mitella_pentandra,-138.33,59.32
Mitella_pentandra,-138.283,60.3
Mitella_pentandra,-133.083,61.567
Mitella_pentandra,-120.61083,47.44806
Mitella_pentandra,-120.86056,47.44861
Mitella_pentandra,-114.43114,46.48297
Mitella_pentandra,-123.03333,49.76667
Mitella_pentandra,-113.93333,49.03333
Mitella_pentandra,-124.6,49.21667
Mitella_pentandra,-123.18333,49.38333
Mitella_pentandra,-134.53,58.42
Mitella_pentandra,-145.7,60.56
Mitella_pentandra,-106.01477,39.38444
Mitella_pentandra,-105.49362,40.39145
Mitella_pentandra,-106.10482,39.62939
Mitella_pentandra,-134.5064,58.8006
Mitella_pentandra,-145.01,60.98
Mitella_pentandra,-138.33,59.32
Mitella_pentandra,-123.4062741,41.4902438
Mitella_pentandra,-120.2089,41.9767
Mitella_pentandra,-121.47333,39.99389
Mitella_pentandra,-120.26667,41.65
Mitella_pentandra,-139.9406761,59.98476921
Mitella_pentandra,-153.16556,57.58333
Mitella_pentandra,-130.58,55.53
Mitella_pentandra,-105.675,40.6327
Mitella_pentandra,-123.8,56.9
Mitella_pentandra,-124.783,57.75
Mitella_pentandra,-120.2,52.4
Mitella_pentandra,-117.16667,49.96667
Mitella_pentandra,-128.78333,56.2
Mitella_pentandra,-116.53541,45.45672
Mitella_pentandra,-120.73758,48.10554
Mitella_pentandra,-114.09603,43.82539
Mitella_pentandra,-118.69917,44.25266
Mitella_pentandra,-122.4633,43.16
Mitella_pentandra,-118.5843,42.6929
Mitella_pentandra,-125.6,49.6
Mitella_pentandra,-130.13,55.91
Mitella_pentandra,-105.53943,40.08009
Mitella_pentandra,-118.62,42.68
Mitella_pentandra,-110.8675,40.73389
Mitella_pentandra,-123.03333,49.76667
Mitella_pentandra,-115.95,49.8
Mitella_pentandra,-117.15,50.01667
Mitella_pentandra,-119.95,53.91667
Mitella_pentandra,-119.94378,54.12423
Mitella_pentandra,-120.1966,41.9739
Mitella_pentandra,-125.25,52.75
Mitella_pentandra,-117.41667,51.33333
Mitella_pentandra,-123.74556,47.48889
Mitella_pentandra,-113.60914,42.21966
Mitella_pentandra,-123.1667,43.3333
Mitella_pentandra,-121.75,44.03333
Mitella_pentandra,-119.1538742,37.07855259
Mitella_pentandra,-157.27,57.16
Mitella_pentandra,-150.13,62.84
Mitella_pentandra,-123.1763599,41.56073481
Mitella_pentandra,-120.48889,39.6175
Mitella_pentandra,-121.1748872,40.54589815
Mitella_pentandra,-105.94528,40.59056
Mitella_pentandra,-152.53,58.11
Mitella_pentandra,-122.46667,50.35
Mitella_pentandra,-120.58122,48.37488
Mitella_pentandra,-120.12111,48.36361
Mitella_pentandra,-118.617,44.5563
Mitella_pentandra,-121.6842,44.03
Mitella_pentandra,-122.1064,42.942
Mitella_pentandra,-121.8403,44.1283
Mitella_pentandra,-121.28333,49.05
Mitella_pentandra,-116.2,49.06667
Mitella_pentandra,-116.70179,45.05444
Mitella_pentandra,-136.11,59.28
Mitella_pentandra,-149.3,61.76
Mitella_pentandra,-141.456563,60.15107937
Mitella_pentandra,-152.27092,57.4942
Mitella_pentandra,-157.27,57.16
Mitella_pentandra,-134.66,58.16
Mitella_pentandra,-151.54,62.56
Mitella_pentandra,-105.58967,40.19225
Mitella_pentandra,-105.61366,40.31535
Mitella_pentandra,-119.80571,38.48581
Mitella_pentandra,-119.17417,37.05472
Mitella_pentandra,-106.09477,40.94114
Mitella_pentandra,-141.456563,60.15107937
Mitella_pentandra,-145.01,60.98
Mitella_pentandra,-150.8,62.51
Mitella_pentandra,-133.56,55.71
Mitella_pentandra,-122.9551,43.6998
Mitella_pentandra,-121.6275,44.0992
Mitella_pentandra,-121.7536,45.3042
Mitella_pentandra,-122.2536,43.5394
Mitella_pentandra,-121.7946,44.1275
Mitella_pentandra,-117.4061,45.3456
Mitella_pentandra,-120.30944,41.59722
Mitella_pentandra,-120.27722,41.90139
Mitella_pentandra,-121.71667,49.41667
Mitella_pentandra,-119.06667,50.36667
Mitella_pentandra,-113.85,49.03333
Mitella_pentandra,-123.06667,49.95
Mitella_pentandra,-123.5,50.5
Mitella_pentandra,-120.63333,48.4
Mitella_pentandra,-121.53639,46.07794
Mitella_pentandra,-121.64389,48.95222
Mitella_pentandra,-120.75563,48.50697
Mitella_pentandra,-119.85661,48.61103
Mitella_pentandra,-121.09011,47.74444
Mitella_pentandra,-120.65592,48.47798
Mitella_pentandra,-117.4148,45.2881
Mitella_pentandra,-116.99,46.73
Mitella_pentandra,-120.6665718,40.31230631
Mitella_pentandra,-120.2931,41.2753
Mitella_pentandra,-122.79444,41.04639
Mitella_pentandra,-121.4658878,40.11240304
Mitella_pentandra,-122.68333,55.98333
Mitella_pentandra,-118.3,50.93333
Mitella_pentandra,-121.0685,48.4784
Mitella_pentandra,-114.22625,44.66077
Mitella_pentandra,-120.58562,47.31081
Mitella_pentandra,-115.33833,44.89833
Mitella_pentandra,-121.7311,44.0883
Mitella_pentandra,-122.1328,42.8997
Mitella_pentandra,-121.6386,45.3239
Mitella_pentandra,-117.2786,45.1876
Mitella_pentandra,-121.9005,44.4673
Mitella_pentandra,-121.265,44.7636
Mitella_pentandra,-116.7491,45.4704
Mitella_pentandra,-151.54,62.56
Mitella_pentandra,-106.4321,39.5417
Mitella_pentandra,-106.1301,40.2093
Mitella_pentandra,-113.611365,45.29870533
Mitella_pentandra,-111.6378,40.5886
Mitella_pentandra,-109.81,40.78
Mitella_pentandra,-109.44,40.79
Mitella_pentandra,-131.91,56.05
Mitella_pentandra,-152.5,58.15
Mitella_pentandra,-151.33,59.55
Mitella_pentandra,-135.18,59.52
Mitella_pentandra,-114.15,49.15
Mitella_pentandra,-117.28333,49.46667
Mitella_pentandra,-123.75,51.16667
Mitella_pentandra,-133.75,59.41667
Mitella_pentandra,-149.58,61.24
Mitella_pentandra,-152.559,58.338
Mitella_pentandra,-136.31,59.38
Mitella_pentandra,-106.98277,40.51485
Mitella_pentandra,-151.36,62.49
Mitella_pentandra,-135.16,59.61
Mitella_pentandra,-143.09,60.25
Mitella_pentandra,-121.8155,46.7483
Mitella_pentandra,-119.34862,38.07288
Mitella_pentandra,-119.58805,38.16996
Mitella_pentandra,-120.120051,39.01628424
Mitella_pentandra,-120.2432,39.4325
Mitella_pentandra,-105.75777,39.82972
Mitella_pentandra,-120.3209,41.6098
Mitella_pentandra,-120.57972,47.20361
Mitella_pentandra,-123.74556,47.48889
Mitella_pentandra,-132.05,52.91667
Mitella_pentandra,-113.73225,46.51036
Mitella_pentandra,-121.75167,49.02028
Mitella_pentandra,-117.45,51.28333
Mitella_pentandra,-117.8,49.06667
Mitella_pentandra,-120.5,49.45
Mitella_pentandra,-123.3821,45.5453
Mitella_pentandra,-121.492,45.3957
Mitella_pentandra,-121.7408,45.3011
Mitella_pentandra,-120.3722,44.3545
Mitella_pentandra,-113.445,41.88
Mitella_pentandra,-111.6378,40.5886
Mitella_pentandra,-114.01667,49.08333
Mitella_pentandra,-122.83333,49.38333
Mitella_pentandra,-118.05,52.68333
Mitella_pentandra,-121.82667,44.495
Mitella_pentandra,-136.11,59.28
Mitella_pentandra,-110.88,40.71
Mitella_pentandra,-112.63278,42.11833
Mitella_pentandra,-110.25,40.7
Mitella_pentandra,-120.22,41.89
Mitella_pentandra,-120.1966,41.9739
Mitella_pentandra,-120.30944,41.59722
Mitella_pentandra,-121.4658878,40.11240304
Mitella_pentandra,-134.275,58.28167
Mitella_pentandra,-149.3,61.83
Mitella_pentandra,-150.96,62.65
Mitella_pentandra,-106.12954,40.20425
Mitella_pentandra,-114.08333,49.06667
Mitella_pentandra,-114.05,49.01667
Mitella_pentandra,-114.03333,49.13333
Mitella_pentandra,-125.31667,49.68333
Mitella_pentandra,-123.75,51.16667
Mitella_pentandra,-120.71667,49.06667
Mitella_pentandra,-121.56667,50.23333
Mitella_pentandra,-119.95,53.91667
Mitella_pentandra,-114.8278,49.9986
Mitella_pentandra,-117.37495,45.25052
Mitella_pentandra,-123.83333,47.91667
Mitella_pentandra,-120.04792,48.61057
Mitella_pentandra,-111.25313,43.12775
Mitella_pentandra,-122.1581,44.3958
Mitella_pentandra,-117.4237,45.3712
Mitella_pentandra,-106.1301,40.1658