Mitella_stylosa,134.541,35.0587
Mitella_stylosa,136.27,33.9734
Mitella_stylosa,134.3,33.9667
Mitella_stylosa,132.547,35.1726
Mitella_stylosa,139.107,35.8507
Mitella_stylosa,136.14,33.9133
Mitella_stylosa,132.471,34.928
Mitella_stylosa,135.883,33.6808
Mitella_stylosa,132.877,34.8018
Mitella_stylosa,137.701,35.4304
Mitella_stylosa,133.406,33.7958
Mitella_stylosa,133.056,33.3625
Mitella_stylosa,132.45,35.1151
Mitella_stylosa,133.056,33.4958
Mitella_stylosa,136.025,33.9738
Mitella_stylosa,136.245,34.0175
Mitella_stylosa,130.249567,33.470483
Mitella_stylosa,131.288611,34.352778
Mitella_stylosa,132.226972,34.474833
Mitella_stylosa,132.450363,35.115083
Mitella_stylosa,132.471255,34.927985
Mitella_stylosa,132.547183,35.172576
Mitella_stylosa,132.87681,34.801842
Mitella_stylosa,132.9333333,33.28333333
Mitella_stylosa,132.95,33.3
Mitella_stylosa,133,33.5
Mitella_stylosa,133.05625,33.3625
Mitella_stylosa,133.05625,33.49583333
Mitella_stylosa,133.1,33.6
Mitella_stylosa,133.1,33.53333333
Mitella_stylosa,133.2,33.6
Mitella_stylosa,133.2,33.6
Mitella_stylosa,133.2,33.6
Mitella_stylosa,133.2,33.6
Mitella_stylosa,133.2,33.6
Mitella_stylosa,133.2,33.6
Mitella_stylosa,133.2,33.5
Mitella_stylosa,133.2,33.5
Mitella_stylosa,133.2,33.5
Mitella_stylosa,133.2,33.5
Mitella_stylosa,133.2,33.5
Mitella_stylosa,133.2,33.5
Mitella_stylosa,133.2,33.5
Mitella_stylosa,133.2,33.5
Mitella_stylosa,133.2,33.6
Mitella_stylosa,133.2833333,33.8
Mitella_stylosa,133.302719,33.610103
Mitella_stylosa,133.302719,33.610103
Mitella_stylosa,133.302719,33.610103
Mitella_stylosa,133.302719,33.610103
Mitella_stylosa,133.302719,33.610103
Mitella_stylosa,133.4,33.9
Mitella_stylosa,133.40625,33.79583333
Mitella_stylosa,133.4166667,33.75
Mitella_stylosa,133.4333333,33.66666667
Mitella_stylosa,133.4833333,33.83333333
Mitella_stylosa,133.5,33.7
Mitella_stylosa,133.5,33.7
Mitella_stylosa,133.5,33.7
Mitella_stylosa,133.5,33.7
Mitella_stylosa,133.5,33.7
Mitella_stylosa,133.5166667,33.83333333
Mitella_stylosa,133.5333333,33.73333333
Mitella_stylosa,133.5333333,33.75
Mitella_stylosa,133.5833333,33.85
Mitella_stylosa,133.7,34
Mitella_stylosa,133.760785,34.053692
Mitella_stylosa,133.7666667,33.8
Mitella_stylosa,133.81803,33.893688
Mitella_stylosa,133.8333333,33.81666667
Mitella_stylosa,133.865996,33.992229
Mitella_stylosa,133.8666667,33.65
Mitella_stylosa,133.8666667,33.68333333
Mitella_stylosa,133.895299,33.936931
Mitella_stylosa,133.992482,34.024199
Mitella_stylosa,133.992482,34.024199
Mitella_stylosa,133.992482,34.024199
Mitella_stylosa,133.999759,33.990508
Mitella_stylosa,133.999759,33.990508
Mitella_stylosa,133.999759,33.990508
Mitella_stylosa,133.999759,33.990508
Mitella_stylosa,134,33.8
Mitella_stylosa,134.0034,33.918102
Mitella_stylosa,134.0333333,33.76666667
Mitella_stylosa,134.073727,33.896328
Mitella_stylosa,134.073727,33.896328
Mitella_stylosa,134.080531,33.973733
Mitella_stylosa,134.080531,33.973733
Mitella_stylosa,134.1,34.1
Mitella_stylosa,134.1,34
Mitella_stylosa,134.102973,34.082194
Mitella_stylosa,134.195991,34.017258
Mitella_stylosa,134.195991,34.017258
Mitella_stylosa,134.195991,34.017258
Mitella_stylosa,134.195991,34.017258
Mitella_stylosa,134.195991,34.017258
Mitella_stylosa,134.195991,34.017258
Mitella_stylosa,134.195991,34.017258
Mitella_stylosa,134.195991,34.017258
Mitella_stylosa,134.195991,34.017258
Mitella_stylosa,134.195991,34.017258
Mitella_stylosa,134.195991,34.017258
Mitella_stylosa,134.2,34.2
Mitella_stylosa,134.229961,33.972041
Mitella_stylosa,134.229961,33.972041
Mitella_stylosa,134.270128,33.815426
Mitella_stylosa,134.303982,33.982097
Mitella_stylosa,134.335491,33.950377
Mitella_stylosa,134.335491,33.950377
Mitella_stylosa,134.351758,33.875863
Mitella_stylosa,134.359176,33.826259
Mitella_stylosa,134.373447,34.056506
Mitella_stylosa,134.541461,35.058671
Mitella_stylosa,135.882561,33.680795
Mitella_stylosa,136.024785,33.973812
Mitella_stylosa,136.140157,33.913321
Mitella_stylosa,136.244586,34.017512
Mitella_stylosa,136.269946,33.973397
Mitella_stylosa,136.3,35.2
Mitella_stylosa,136.3,35.2
Mitella_stylosa,136.3,35.2
Mitella_stylosa,136.3,35.3
Mitella_stylosa,136.3,35.2
Mitella_stylosa,136.4,35.2
Mitella_stylosa,136.4,35.4
Mitella_stylosa,136.4,35.5
Mitella_stylosa,136.4,35.1
Mitella_stylosa,136.4,35.1
Mitella_stylosa,136.4,35.1
Mitella_stylosa,136.4,35.1
Mitella_stylosa,136.4,35.1
Mitella_stylosa,136.4,35.1
Mitella_stylosa,136.4,35.1
Mitella_stylosa,136.4,35.1
Mitella_stylosa,136.4,35.1
Mitella_stylosa,136.4,35.1
Mitella_stylosa,136.4,35.1
Mitella_stylosa,136.4,35.1
Mitella_stylosa,136.4,35.1
Mitella_stylosa,136.4,35.1
Mitella_stylosa,136.4,35.1
Mitella_stylosa,136.4,35.1
Mitella_stylosa,136.4,35.4
Mitella_stylosa,136.4,35.4
Mitella_stylosa,136.4,35.5
Mitella_stylosa,136.4,35.5
Mitella_stylosa,136.4,35.3
Mitella_stylosa,136.4,35.4
Mitella_stylosa,136.4,35.5
Mitella_stylosa,136.481111,35.006389
Mitella_stylosa,136.6,35.3
Mitella_stylosa,136.6,35.3
Mitella_stylosa,136.6,35.3
Mitella_stylosa,136.6,35.3
Mitella_stylosa,136.6,35.3
Mitella_stylosa,137.701404,35.430365
Mitella_stylosa,139.106822,35.850703